0,0,0,0,0,0,0,0,0,0
0.1,0.1,1,0.006938,0.771588,0.5625,0.764706,0.762887,0,1
0.1,0.1,0.991429,0.009017,0.715877,0.5625,0.529412,0.762887,0,1
0.1,0.2,0.991429,0.008228,0.668524,0.645833,0,0.319588,0,1
0.1,0.1,0.991429,0.020185,0.710306,0.645833,0,0.57732,0,1
0.1,0.1,0.991429,0.020185,0.710306,0.645833,0,0.57732,0,1
0.1,0.1,0.991429,0.003022,0.654596,0.666667,0,0.319588,1,1
0.1,0.1,1,0.006214,0.732591,0.666667,0.882353,0.762887,1,1
0.1,0.1,1,0.006561,0.679666,0.729167,0.529412,0.762887,1,1
0.1,0.1,1,0.02015,0.888579,0.666667,0.764706,0.762887,0,1
0.1,0.1,1,0.024436,0.941504,0.770833,0.529412,0.762887,0,1
0.1,0.1,1,0.019658,0.955432,0.75,0.764706,0.762887,0,1
0.1,0.1,0.991429,0.023313,0.927577,0.604167,0.529412,0.762887,0,1
0.1,0.1,1,0.024034,0.785515,0.458333,0,0.57732,0,1
0.1,0.1,1,0.024034,0.785515,0.458333,0,0.57732,0,1
0.1,0.1,1,0.024034,0.785515,0.458333,0,0.57732,0,1
0.1,0.2,1,0.018412,0.67688,0.729167,0,0.57732,1,1
0.1,0.2,0.991429,0.023095,0.740947,0.6875,0,0.57732,1,1
0.1,0.2,0.991429,0.020865,0.791086,0.666667,0,0.57732,1,1
0.1,0.1,0.991429,0.020621,0.802228,0.645833,0,0.57732,1,1
0.1,0.1,1,0.014522,0.788301,0.625,0,0.57732,0,1
0.1,0.1,0.991429,0.023687,0.766017,0.625,0,0.57732,0,1
0.1,0.1,0.991429,0.025961,0.740947,0.645833,0,0.57732,0,1
0.1,0.1,1,0.02766,0.732591,0.6875,0,0.57732,0,1
0.1,0.1,0.991429,0.0031,0.710306,0.416667,0,0.319588,0,1
0.1,0.1,0.991429,0.002612,0.721448,0.5625,0,0.319588,1,1
0.1,0.1,0.991429,0.002597,0.721448,0.5625,0,0.319588,0,1
0.1,0.1,1,0.002585,0.685237,0.520833,0,0.319588,1,1
0.1,0.2,1,0.005333,0.651811,0.625,0,0.319588,0,1
0.1,0.2,1,0.023824,0.437326,0.833333,0,0.57732,0,1
0.1,0.3,1,0.000348,0.490251,0.479167,0.411765,0.525773,0,1
0.1,0.2,0.991429,0.001895,0.520891,0.479167,0.411765,0.948454,1,1
0.1,0.3,1,0.00033,0.490251,0.479167,0.411765,0.525773,0,1
0.1,0.3,1,0.000348,0.490251,0.479167,0.411765,0.525773,0,1
0.1,0.1,0.991429,0.023512,0.807799,0.770833,0.764706,0.762887,0,1
0.1,0.2,1,0.020572,0.799443,0.6875,0.882353,0.762887,0,1
0.1,0.2,0.991429,0.008723,0.735376,0.5,0.529412,0.762887,0,1
0.1,0.2,0.991429,0.02316,0.615599,0.541667,0,0.57732,1,1
0.1,0.2,1,0.180423,0.908078,0.645833,0.764706,0.762887,1,1
0.1,0.2,0.991429,0.011245,0.715877,0.375,0.647059,0.762887,0,1
0.1,0.1,1,0.040773,0.924791,0.5625,0.647059,0.762887,0,1
0.1,0.2,1,0.052,0.972145,0.479167,0.529412,0.762887,0,1
0.1,0.2,0.991429,0.018993,0.849582,0.4375,0.529412,0.762887,0,1
0.1,0.1,0.991429,0.053723,0.986072,0.520833,0.647059,0.762887,0,1
0.1,0.2,0.991429,0.072281,0.97493,0.583333,0.529412,0.762887,1,1
0.1,0.2,1,0.098221,0.930362,0.541667,0.529412,0.762887,0,1
0.1,0.2,1,0.170521,0.871866,0.5,0.647059,0.762887,0,1
0.1,0.2,1,0.202464,0.89415,0.625,0.529412,0.762887,0,1
0.1,0.2,0.991429,0.068865,0.774373,0.458333,0.529412,0.762887,0,1
0.1,0.2,1,0.065672,0.752089,0.4375,0.647059,0.762887,0,1
0.1,0.2,1,0.065672,0.752089,0.4375,0.647059,0.762887,0,1
0.1,0.2,1,0.065672,0.752089,0.4375,0.647059,0.762887,0,1
0.1,0.2,1,0.065672,0.752089,0.4375,0.647059,0.762887,0,1
0.1,0.2,1,0.065672,0.752089,0.4375,0.647059,0.762887,0,1
0.1,0.2,1,0.065672,0.752089,0.4375,0.647059,0.762887,0,1
0.1,0.2,1,0.065672,0.752089,0.4375,0.647059,0.762887,0,1
0.1,0.2,1,0.065672,0.752089,0.4375,0.647059,0.762887,0,1
0.1,0.1,1,0.007729,0.866295,0.5,0.647059,0.762887,0,1
0.1,0.2,0.991429,0.007744,0.885794,0.520833,0.647059,0.762887,0,1
0.1,0.1,0,0.000216,0.877437,0.5,0.411765,0.525773,0,1
0.1,0.1,0,0.000216,0.877437,0.5,0.411765,0.525773,0,1
0.1,0.2,0.008571,0.003609,0.880223,0.625,0,0.319588,0,0
0.1,0.2,0,0.000126,0.855153,0.604167,0,0.082474,1,1
0.1,0.2,0,0.001873,0.910864,0.541667,0.647059,0.762887,0,1
0.1,0.2,0.991429,0.006472,0.947075,0.520833,0.529412,0.762887,1,1
0.1,0.2,0.991429,0.008257,0.933148,0.520833,0.529412,0.762887,0,1
0.1,0.2,1,0.001539,0.913649,0.4375,0.411765,0.525773,0,1
0.1,0.1,1,0.002363,0.685237,0.5625,0,0.319588,1,1
0.1,0.1,0.991429,0.004484,0.930362,0.833333,0,0.319588,0,1
0.1,0.2,1,0.000811,0.891365,0.666667,0.411765,0.525773,0,1
0.1,0.2,1,0.000386,0.835655,0.520833,0.411765,0.525773,0,1
0.1,0.2,1,0.000386,0.835655,0.520833,0.411765,0.525773,0,1
0.1,0.2,1,0.000394,0.849582,0.416667,0.411765,0.525773,0,1
0.1,0.2,0.991429,0.000262,0.955432,0.3125,0.411765,0.525773,0,1
0.1,0.2,1,0.000183,0.050139,0.229167,0.411765,0.525773,1,1
0.1,0.2,1,0.000242,0.958217,0.291667,0.411765,0.525773,0,1
0.1,0.2,0.991429,0.015005,0.933148,0.333333,0.647059,0.762887,0,1
0.1,0.2,1,0.007348,0.883008,0.375,0.529412,0.762887,0,1
0.1,0.2,1,0.016736,0.869081,0.354167,0.529412,0.762887,0,1
0.1,0.1,0.991429,0.007006,0.899721,0.354167,0.529412,0.762887,0,1
0.1,0.1,0.991429,0.007006,0.899721,0.354167,0.529412,0.762887,0,1
0.1,0.2,1,0.004295,0.857939,0.354167,0.529412,0.762887,0,1
0.1,0.1,0.991429,0.000111,0.874652,0.375,0.411765,0.525773,0,1
0.1,0.1,0.991429,0.000111,0.874652,0.375,0.411765,0.525773,0,1
0.1,0.2,1,0.000127,0.802228,0.375,0.411765,0.525773,0,1
0.1,0.2,0.991429,0.000169,0.785515,0.395833,0.411765,0.525773,0,1
0.1,0.2,1,0.000204,0.785515,0.416667,0.411765,0.525773,0,1
0.1,0.2,0,0.001407,0.796657,0.4375,0,0.319588,1,1
0.1,0.3,0,0.005872,0.810585,0.416667,0.411765,0.525773,1,1
0.1,0.2,1,0.003798,0.805014,0.4375,0.647059,0.762887,0,1
0.1,0.2,0,0.000148,0.799443,0.4375,0.411765,0.525773,0,1
0.1,0.1,0,0.000724,0.774373,0.354167,0.411765,0.525773,1,1
0.1,0.1,0,0.000724,0.774373,0.354167,0.411765,0.525773,1,1
0.1,0.1,0.017143,0.016371,0.749304,0.3125,0,0.57732,1,1
0.1,0.1,0,0.000634,0.732591,0.354167,0.411765,0.525773,1,1
0.1,0.1,0.991429,0.000397,0.713092,0.375,0,0.319588,1,1
0.1,0.1,1,0.002761,0.713092,0.395833,0,0.319588,1,1
0.1,0.1,1,0.002872,0.704735,0.416667,0,0.319588,0,1
0.1,0.1,0.991429,0.002599,0.710306,0.416667,0,0.319588,0,1
0.1,0.1,1,0.007169,0.699164,0.479167,0.647059,0.762887,0,1
0.1,0.2,0.991429,0.006798,0.707521,0.458333,0.647059,0.762887,0,1
0.1,0.2,1,0.008079,0.704735,0.5,0.529412,0.762887,0,1
0.1,0.2,1,0.000631,0.704735,0.479167,0.411765,0.525773,0,1
0.1,0.2,0.991429,0.002983,0.707521,0.458333,0,0.319588,0,1
0.1,0.2,0.991429,0.002945,0.704735,0.5,0,0.319588,1,1
0.1,0.2,0.991429,0.000205,0.688022,0.520833,0.411765,0.525773,1,1
0.1,0.2,0.991429,0.000205,0.688022,0.520833,0.411765,0.525773,1,1
0.1,0.2,0.991429,0.001599,0.685237,0.458333,0,0.319588,1,1
0.1,0.1,1,0.006989,0.67688,0.5,0.529412,0.762887,1,1
0.1,0.1,0.991429,0.002708,0.67688,0.520833,0,0.319588,1,1
0.1,0.2,1,0.003475,0.707521,0.458333,0.529412,0.762887,0,1
0.1,0.1,0.991429,0.001378,0.710306,0.541667,0.411765,0.525773,0,1
0.1,0.1,0.991429,0.006399,0.791086,0.5,0.529412,0.762887,0,1
0.1,0.2,0.991429,0.012331,0.883008,0.5,0.529412,0.762887,0,1
0.1,0.2,0.991429,0.024521,0.883008,0.5,0.647059,0.762887,0,1
0.1,0.2,1,0.053446,0.877437,0.5,0.529412,0.762887,0,1
0.2,0.2,0.991429,0.000544,0.86351,0.5,0.411765,0.525773,0,1
0.2,0.2,0.991429,0.000437,0.846797,0.5,0.411765,0.525773,0,1
0.2,0.2,0.991429,0.000437,0.846797,0.5,0.411765,0.525773,0,1
0.2,0.2,0.991429,0.004266,0.832869,0.4375,0.411765,0.525773,0,1
0.2,0.1,1,0.005375,0.844011,0.416667,0.529412,0.762887,0,1
0.2,0.1,1,0.005375,0.844011,0.416667,0.529412,0.762887,0,1
0.2,0.2,1,0.000105,0.707521,0.354167,0,0.57732,1,1
0.2,0.2,0.991429,0.02045,0.654596,0.395833,0,0.57732,0,1
0.2,0.1,0.991429,0.003134,0.635097,0.4375,0,0.319588,1,1
0.2,0.2,0.991429,0.011793,0.612813,0.458333,0,0.57732,1,1
0.2,0.2,0.991429,0.010476,0.604457,0.416667,0,0.57732,0,1
0.2,0.2,0.991429,0.000286,0.604457,0.395833,0.411765,0.525773,0,1
0.2,0.2,1,0.000213,0.587744,0.375,0.411765,0.525773,0,1
0.2,0.2,0,0.030192,0.571031,0.333333,0,0.57732,1,1
0.2,0.2,0,0.034075,0.554318,0.270833,0,0.57732,1,1
0.2,0.2,1,0.000123,0.587744,0.229167,0.411765,0.525773,0,1
0.2,0.2,0.991429,0.006599,0.072423,0.041667,0.411765,0.525773,1,1
0.2,0.2,0.991429,0.006599,0.072423,0.041667,0.411765,0.525773,1,1
0.2,0.1,1,0.002426,0.777159,0.291667,0,0.319588,0,1
0.2,0.2,1,0.002943,0.793872,0.104167,0,0.319588,0,1
0.1,0.2,1,0.022031,0.200557,0.125,0,0.57732,1,1
0.1,0.2,1,0.039331,0.250696,0.354167,0,0.57732,1,1
0.1,0.2,1,0.042744,0.272981,0.416667,0,0.57732,1,1
0.1,0.2,1,0.04735,0.250696,0.4375,0,0.57732,1,1
0.1,0.2,1,0.05095,0.239554,0.479167,0,0.57732,1,1
0.1,0.2,1,0.066795,0.245125,0.416667,0,0.57732,1,1
0.1,0.3,1,0.023373,0.275766,0.375,0,0.57732,0,1
0.1,0.3,1,0.023373,0.275766,0.375,0,0.57732,0,1
0.1,0.3,0.991429,0.001658,0.314763,0.25,0.411765,0.525773,0,1
0.1,0.2,1,0.002232,0.43454,0.25,0.411765,0.525773,0,1
0.1,0.2,0.991429,0.090265,0.409471,0.1875,0.411765,0.525773,0,1
0.1,0.2,1,0.009357,0.409471,0.270833,0.529412,0.762887,0,1
0.1,0.2,0.991429,0.008694,0.334262,0.3125,0.529412,0.762887,0,1
0.1,0.2,0.991429,0.004961,0.289694,0.291667,0.411765,0.525773,0,1
0.1,0.2,0.991429,0.000521,0.256267,0.291667,0.411765,0.525773,0,1
0.1,0.2,0.991429,0.004961,0.289694,0.291667,0.411765,0.525773,0,1
0.1,0.3,0,0.000296,0.4039,0.333333,0.411765,0.525773,0,1
0.1,0.2,0.991429,0.000129,0.426184,0.4375,0.411765,0.525773,1,1
0.1,0.2,0.991429,0.001269,0.417827,0.375,0.411765,0.525773,1,1
0.1,0.2,0.991429,0.001269,0.417827,0.375,0.411765,0.525773,1,1
0.1,0.2,1,0.005317,0.431755,0.333333,0.647059,0.762887,0,1
0.1,0.2,0.991429,0.006645,0.520891,0.395833,0.647059,0.762887,0,1
0.1,0.2,1,0.00556,0.487465,0.354167,0.647059,0.762887,1,1
0.1,0.2,0.991429,0.014255,0.54039,0.458333,0.529412,0.762887,0,1
0.1,0.3,1,0.001252,0.543175,0.416667,0.411765,0.525773,0,1
0.1,0.3,1,0.001252,0.543175,0.416667,0.411765,0.525773,0,1
0.1,0.2,0.991429,0.005925,0.529248,0.375,0.529412,0.762887,0,1
0.1,0.3,1,0.000537,0.529248,0.375,0.411765,0.525773,0,1
0.1,0.2,1,0.000259,0.523677,0.4375,0.411765,0.525773,0,1
0.1,0.2,0,0.00014,0.518106,0.479167,0.411765,0.525773,0,1
0.1,0.2,1,0.000259,0.523677,0.4375,0.411765,0.525773,0,1
0.1,0.2,1,0.000259,0.523677,0.4375,0.411765,0.525773,0,1
0.1,0.2,0.008571,0.034205,0.520891,0.4375,0,0.57732,1,0
0.1,0.2,0.017143,0.000169,0.51532,0.458333,0.411765,0.525773,0,1
0.1,0.2,0.008571,0.034205,0.520891,0.4375,0,0.57732,1,0
0.1,0.2,1,0.000172,0.534819,0.416667,0.411765,0.525773,0,1
0.1,0.2,1,0.000172,0.534819,0.416667,0.411765,0.525773,0,1
0.1,0.2,1,0.000172,0.534819,0.416667,0.411765,0.525773,0,1
0.1,0.2,1,0.000172,0.534819,0.416667,0.411765,0.525773,0,1
0.1,0.2,1,0.000172,0.534819,0.416667,0.411765,0.525773,0,1
0.1,0.2,1,0.000172,0.534819,0.416667,0.411765,0.525773,0,1
0.1,0.2,1,0.000172,0.534819,0.416667,0.411765,0.525773,0,1
0.1,0.2,1,0.000172,0.534819,0.416667,0.411765,0.525773,0,1
0.1,0.2,1,0.000172,0.534819,0.416667,0.411765,0.525773,0,1
0.1,0.2,1,0.000172,0.534819,0.416667,0.411765,0.525773,0,1
0.1,0.1,0.991429,0.007852,0.54039,0.395833,0,0.57732,1,1
0.1,0.1,0.991429,0.007852,0.54039,0.395833,0,0.57732,1,1
0.1,0.1,0.991429,0.007852,0.54039,0.395833,0,0.57732,1,1
0.1,0.1,0.991429,0.007852,0.54039,0.395833,0,0.57732,1,1
0.1,0.1,0.991429,0.007852,0.54039,0.395833,0,0.57732,1,1
0.1,0.1,0.991429,0.007852,0.54039,0.395833,0,0.57732,1,1
0.1,0.1,0.991429,0.007852,0.54039,0.395833,0,0.57732,1,1
0.1,0.1,0.991429,0.007852,0.54039,0.395833,0,0.57732,1,1
0.1,0.1,0.991429,0.007852,0.54039,0.395833,0,0.57732,1,1
0.1,0.1,0.991429,0.007852,0.54039,0.395833,0,0.57732,1,1
0.1,0.2,0.991429,0.025304,0.543175,0.375,0,0.57732,1,1
0.1,0.2,0.991429,0.025304,0.543175,0.375,0,0.57732,1,1
0.1,0.2,0.991429,0.025304,0.543175,0.375,0,0.57732,1,1
0.1,0.2,0.991429,0.025304,0.543175,0.375,0,0.57732,1,1
0.1,0.2,0.991429,0.022034,0.545961,0.375,0.411765,0.525773,1,1
0.1,0.3,0.991429,0.000474,0.56546,0.354167,0.411765,0.525773,0,1
0.1,0.2,1,0.000679,0.571031,0.375,0.411765,0.525773,0,1
0.1,0.3,0.991429,0.009317,0.548747,0.395833,0.411765,0.525773,0,1
0.1,0.2,1,0.000227,0.545961,0.416667,0.411765,0.525773,0,1
0.1,0.2,1,0.000227,0.545961,0.416667,0.411765,0.525773,0,1
0.1,0.3,0,0.058135,0.554318,0.416667,0.411765,0.525773,0,1
0.1,0.3,1,0.00039,0.562674,0.416667,0.411765,0.525773,0,1
0.1,0.2,0,0.000296,0.554318,0.4375,0.411765,0.525773,0,1
0.1,0.2,0,0.000162,0.559889,0.4375,0.411765,0.525773,0,1
0.1,0.2,0,0.000296,0.554318,0.4375,0.411765,0.525773,0,1
0.1,0.2,0,0.000205,0.559889,0.4375,0.411765,0.525773,0,1
0.1,0.2,0.991429,0.000243,0.568245,0.416667,0.411765,0.525773,0,1
0.1,0.2,0,0.000161,0.557103,0.3125,0.411765,0.525773,0,1
0.1,0.2,0,0.000161,0.557103,0.3125,0.411765,0.525773,0,1
0.1,0.2,0,0.000161,0.557103,0.3125,0.411765,0.525773,0,1
0.1,0.2,1,0.000123,0.554318,0.416667,0.411765,0.525773,1,1
0.1,0.2,0.991429,0.000118,0.559889,0.416667,0.411765,0.525773,1,1
0.1,0.2,0.991429,0.000114,0.582173,0.375,0.411765,0.525773,1,1
0.1,0.1,0,0.001777,0.584958,0.395833,0.411765,0.525773,1,1
0.1,0.2,0.991429,0.000438,0.587744,0.4375,0.411765,0.525773,1,1
0.1,0.2,0.991429,0.000438,0.587744,0.4375,0.411765,0.525773,1,1
0.1,0.3,1,0.000758,0.584958,0.416667,0.411765,0.525773,0,1
0.1,0.2,1,0.000652,0.579387,0.395833,0.411765,0.525773,1,1
0.1,0.2,0.991429,0.038932,0.532033,0.395833,0,0.57732,1,1
0.1,0.1,0.991429,0.029539,0.518106,0.416667,0,0.57732,1,1
0.1,0.1,1,0.024701,0.51532,0.416667,0,0.57732,1,1
0.1,0.1,0.991429,0.023055,0.512535,0.5,0,0.57732,1,1
0.1,0.2,0.991429,0.022328,0.543175,0.541667,0,0.57732,1,1
0.1,0.2,0.991429,0.022257,0.559889,0.541667,0,0.57732,1,1
0.1,0.2,0.991429,0.024302,0.610028,0.5,0,0.57732,1,1
0.1,0.2,1,0.024846,0.579387,0.541667,0,0.57732,1,1
0.1,0.2,1,0.012332,0.470752,0.625,0,0.57732,0,1
0.1,0.2,1,0.002047,0.451253,0.708333,0,0.082474,1,1
0.1,0.2,0.991429,0.017549,0.48468,0.666667,0,0.57732,1,1
0.1,0.2,0.991429,0.022934,0.520891,0.666667,0,0.57732,1,1
0.1,0.2,0.991429,0.024833,0.518106,0.645833,0,0.57732,1,1
0.1,0.2,1,0.02649,0.506964,0.625,0,0.57732,1,1
0.1,0.2,1,0.027668,0.618384,0.625,0,0.57732,0,1
0.1,0.2,1,0.027728,0.662953,0.625,0,0.57732,0,1
0.1,0.2,1,0.028971,0.649025,0.604167,0,0.57732,0,1
0.1,0.2,1,0.038615,0.428969,0.395833,0,0.57732,1,1
0.1,0.2,0.991429,0.036595,0.376045,0.541667,0,0.57732,1,1
0.1,0.3,0.991429,0.022722,0.423398,0.6875,0,0.57732,0,1
0.1,0.3,0.991429,0.022722,0.423398,0.6875,0,0.57732,0,1
0.1,0.2,0.991429,0.002853,0.428969,0.6875,0,0.082474,0,1
0.1,0.2,0.991429,0.03582,0.448468,0.6875,0,0.57732,1,1
0.1,0.2,0.991429,0.03582,0.448468,0.6875,0,0.57732,1,1
0.1,0.2,0.991429,0.033904,0.481894,0.708333,0,0.57732,0,1
0.1,0.2,0.991429,0.039442,0.481894,0.666667,0,0.57732,0,1
0.1,0.2,0.991429,0.029917,0.456825,0.6875,0,0.082474,0,1
0.1,0.2,1,0.024699,0.431755,0.729167,0,0.57732,1,1
0.1,0.2,0.991429,0.031589,0.4039,0.770833,0,0.57732,1,1
0.1,0.3,1,0.039798,0.350975,0.729167,0,0.57732,0,1
0.1,0.3,0.991429,0.027437,0.292479,0.770833,0,0.57732,0,1
0.1,0.2,0.991429,0.026011,0.264624,0.708333,0,0.57732,0,1
0.1,0.2,0.991429,0.026559,0.256267,0.770833,0,0.082474,0,1
0.1,0.2,0.991429,0.011351,0.222841,0.729167,0,0.57732,0,1
0.1,0.3,1,0.020181,0.21727,0.708333,0,0.57732,1,1
0.1,0.3,1,0.020181,0.21727,0.708333,0,0.57732,1,1
0.1,0.3,1,0.023338,0.225627,0.6875,0,0.57732,1,1
0.1,0.2,1,0.027299,0.220056,0.666667,0,0.57732,0,1
0.1,0.3,0.991429,0.007718,0.206128,0.6875,0,0.57732,0,1
0.1,0.1,1,0.002678,0.208914,0.645833,0.411765,0.525773,0,1
0.1,0.3,0.991429,0.007182,0.206128,0.645833,0.529412,0.762887,1,1
0.1,0.3,0.991429,0.006944,0.206128,0.645833,0.529412,0.762887,1,1
0.1,0.3,0.991429,0.006944,0.206128,0.645833,0.529412,0.762887,1,1
0.1,0.3,0.991429,0.006944,0.206128,0.645833,0.529412,0.762887,1,1
0.1,0.2,0.991429,0.010675,0.208914,0.645833,0.529412,0.762887,0,1
0.1,0.3,0.991429,0.006944,0.206128,0.645833,0.529412,0.762887,1,1
0.1,0.1,1,0.002678,0.208914,0.645833,0.411765,0.525773,0,1
0.1,0.1,0,0.001074,0.208914,0.6875,0.411765,0.525773,0,1
0.1,0.1,0,0.001074,0.208914,0.6875,0.411765,0.525773,0,1
0.1,0.1,0,0.001074,0.208914,0.6875,0.411765,0.525773,0,1
0.1,0.3,0.991429,0.006743,0.220056,0.625,0.529412,0.762887,0,1
0.1,0.3,0.991429,0.005795,0.272981,0.395833,0.647059,0.762887,0,1
0.1,0.3,0.991429,0.039228,0.520891,0.4375,0.529412,0.762887,0,1
0.1,0.2,1,0.005908,0.309192,0.375,0.529412,0.762887,1,1
0.1,0.2,1,0.005908,0.309192,0.375,0.529412,0.762887,1,1
0.1,0.2,1,0.005908,0.309192,0.375,0.529412,0.762887,1,1
0.1,0.3,0.991429,0.039228,0.520891,0.4375,0.529412,0.762887,0,1
0.1,0.2,0.991429,0.007031,0.545961,0.541667,0.529412,0.762887,1,1
0.1,0.2,1,0.005234,0.367688,0.333333,0.529412,0.762887,1,1
0.1,0.2,0.991429,0.001266,0.593315,0.8125,0,0.319588,0,1
0.1,0.2,0,0.001397,0.593315,0.8125,0,0.082474,1,1
0.1,0.2,0,0.001397,0.593315,0.8125,0,0.082474,1,1
0.1,0.2,0,0.02116,0.590529,0.770833,0,0.57732,0,1
0.1,0.1,0.991429,0.013353,0.286908,0.416667,0,0.57732,0,1
0.1,0.2,1,0.006745,0.231198,0.666667,0,0.57732,0,1
0.1,0.2,1,0.013289,0.24234,0.75,0,0.319588,1,1
0.1,0.1,0.991429,0.017721,0.247911,0.666667,0,0.57732,1,1
0.1,0.1,1,0.019184,0.21727,0.6875,0,0.57732,1,1
0.1,0.1,0.991429,0.010155,0.192201,0.729167,0,0.319588,1,1
0.1,0.2,0.991429,0.015464,0.214485,0.708333,0,0.57732,1,1
0.1,0.2,1,0.014078,0.261838,0.708333,0,0.57732,1,1
0.1,0.2,1,0.023022,0.267409,0.604167,0,0.57732,1,1
0.1,0.3,1,0.00073,0.582173,0.5,0.411765,0.525773,0,1
0.1,0.3,1,0.000756,0.590529,0.645833,0.411765,0.525773,0,1
0.1,0.3,0.991429,0.000604,0.568245,0.666667,0.411765,0.525773,0,1
0.1,0.3,0.991429,0.000604,0.568245,0.666667,0.411765,0.525773,0,1
0.1,0.2,1,0.000365,0.568245,0.666667,0.411765,0.525773,0,1
0.1,0.2,1,0.000158,0.562674,0.583333,0.411765,0.525773,0,1
0.1,0.2,1,0.000158,0.562674,0.583333,0.411765,0.525773,0,1
0.1,0.2,0.991429,0.006159,0.462396,0.479167,0,0.57732,1,1
0.1,0.2,0.991429,0.007575,0.398329,0.479167,0,0.319588,1,1
0.1,0.2,1,0.001115,0.401114,0.458333,0,0.319588,1,1
0.1,0.2,1,0.006837,0.35376,0.5,0.529412,0.762887,1,1
0.1,0.3,0.991429,0.001804,0.317549,0.604167,0.764706,1,0,1
0.1,0.3,1,0.005984,0.300836,0.625,0.529412,0.762887,0,1
0.1,0.2,1,0.012135,0.417827,0.5,0.764706,1,1,1
0.1,0.2,0.991429,0.007158,0.29805,0.6875,0.764706,0.762887,1,1
0.1,0.2,1,0.00642,0.520891,0.458333,0.529412,0.762887,1,1
0.1,0.1,1,0.006776,0.420613,0.25,0.529412,0.762887,1,1
0.1,0.1,1,0.006776,0.420613,0.25,0.529412,0.762887,1,1
0.1,0.2,0.991429,0.027592,0.584958,0.625,0,0.57732,0,1
0.1,0.2,1,0.030824,0.54039,0.604167,0,0.57732,0,1
0.1,0.2,1,0.036385,0.518106,0.583333,0,0.57732,0,1
0.1,0.3,0.991429,0.030711,0.373259,0.479167,0,0.57732,0,1
0.1,0.3,0.991429,0.008666,0.311978,0.541667,0,0.319588,0,1
0.1,0.3,1,0.031855,0.275766,0.645833,0,0.57732,0,1
0.1,0.2,1,0.000585,0.281337,0.625,0.411765,0.525773,0,1
0.1,0.3,1,0.000755,0.284123,0.625,0.764706,1,0,1
0.1,0.3,0.991429,0.003051,0.284123,0.604167,0.529412,0.762887,1,1
0.1,0.3,1,0.000755,0.284123,0.625,0.764706,1,0,1
0.1,0.3,1,0.045103,0.29805,0.625,0,0.57732,0,1
0.1,0.3,1,0.045103,0.29805,0.625,0,0.57732,0,1
0.1,0.3,1,0.045103,0.29805,0.625,0,0.57732,0,1
0.1,0.2,0.991429,0.037471,0.306407,0.583333,0.647059,0.762887,0,1
0.1,0.2,0.991429,0.037471,0.306407,0.583333,0.647059,0.762887,0,1
0.1,0.2,0.991429,0.037471,0.306407,0.583333,0.647059,0.762887,0,1
0.1,0.2,0.991429,0.013061,0.300836,0.5625,0.647059,0.762887,0,1
0.1,0.2,0.991429,0.013061,0.300836,0.5625,0.647059,0.762887,0,1
0.1,0.2,0.991429,0.003916,0.286908,0.625,0.764706,1,0,1
0.1,0.1,0.991429,0.003941,0.303621,0.604167,0.764706,1,1,1
0.1,0.2,0.991429,0.01316,0.314763,0.5625,0.647059,0.762887,1,1
0.1,0.1,0.991429,0.003941,0.303621,0.604167,0.764706,1,1,1
0.1,0.2,0.991429,0.01316,0.314763,0.5625,0.647059,0.762887,1,1
0.1,0.2,0.991429,0.015183,0.32312,0.583333,0.529412,0.762887,1,1
0.1,0.2,0.991429,0.015183,0.32312,0.583333,0.529412,0.762887,1,1
0.1,0.2,0.991429,0.015183,0.32312,0.583333,0.529412,0.762887,1,1
0.1,0.2,0.991429,0.030369,0.331476,0.583333,0.529412,0.762887,0,1
0.1,0.2,0.991429,0.030369,0.331476,0.583333,0.529412,0.762887,0,1
0.1,0.2,0.991429,0.030369,0.331476,0.583333,0.529412,0.762887,0,1
0.1,0.2,0.991429,0.030369,0.331476,0.583333,0.529412,0.762887,0,1
0.1,0.2,0.991429,0.030369,0.331476,0.583333,0.529412,0.762887,0,1
0.1,0.2,0.991429,0.030369,0.331476,0.583333,0.529412,0.762887,0,1
0.1,0.2,0.991429,0.030369,0.331476,0.583333,0.529412,0.762887,0,1
0.1,0.2,0.991429,0.037471,0.306407,0.583333,0.647059,0.762887,0,1
0.1,0.2,0.991429,0.030369,0.331476,0.583333,0.529412,0.762887,0,1
0.1,0.2,0.991429,0.030369,0.331476,0.583333,0.529412,0.762887,0,1
0.1,0.2,0.991429,0.030369,0.331476,0.583333,0.529412,0.762887,0,1
0.1,0.2,0.991429,0.030369,0.331476,0.583333,0.529412,0.762887,0,1
0.1,0.2,0.991429,0.030369,0.331476,0.583333,0.529412,0.762887,0,1
0.1,0.2,1,0.001516,0.328691,0.583333,0.764706,1,0,1
0.1,0.2,1,0.001908,0.334262,0.625,0.764706,1,1,1
0.1,0.2,1,0.001908,0.334262,0.625,0.764706,1,1,1
0.1,0.2,1,0.001908,0.334262,0.625,0.764706,1,1,1
0.1,0.3,1,0.003387,0.32312,0.6875,0,0.319588,0,1
0.1,0.3,1,0.003387,0.32312,0.6875,0,0.319588,0,1
0.1,0.3,1,0.003387,0.32312,0.6875,0,0.319588,0,1
0.1,0.2,0.991429,0.016245,0.311978,0.6875,0,0.319588,1,1
0.1,0.2,0.991429,0.009649,0.314763,0.708333,0,0.319588,1,1
0.1,0.2,1,0.003411,0.309192,0.666667,0,0.319588,1,1
0.1,0.2,1,0.003152,0.303621,0.5,0.529412,1,1,1
0.1,0.3,1,0.001084,0.300836,0.5625,0.529412,1,0,1
0.1,0.3,1,0.001062,0.314763,0.4375,0.647059,1,0,1
0.1,0.2,1,0.001715,0.300836,0.583333,0.647059,1,0,1
0.1,0.2,0.991429,0.002523,0.292479,0.583333,0.647059,1,0,1
0.1,0.3,0.991429,0.00118,0.309192,0.458333,0.647059,1,0,1
0.1,0.3,0.991429,0.001866,0.261838,0.541667,0.529412,1,0,1
0.1,0.3,0.991429,0.00118,0.309192,0.458333,0.647059,1,0,1
0.1,0.3,0.991429,0.00118,0.309192,0.458333,0.647059,1,0,1
0.1,0.3,0.991429,0.00118,0.309192,0.458333,0.647059,1,0,1
0.1,0.3,0.991429,0.00118,0.309192,0.458333,0.647059,1,0,1
0.1,0.1,1,0.006281,0.275766,0.520833,0.647059,1,1,1
0.1,0.1,1,0.006281,0.275766,0.520833,0.647059,1,1,1
0.1,0.1,1,0.006281,0.275766,0.520833,0.647059,1,1,1
0.1,0.2,1,0.001715,0.300836,0.583333,0.647059,1,0,1
0.1,0.2,0.991429,0.006098,0.306407,0.541667,0.764706,0.762887,1,1
0.1,0.2,0.991429,0.002611,0.364903,0.583333,0.647059,1,1,1
0.1,0.2,0.991429,0.002611,0.364903,0.583333,0.647059,1,1,1
0.1,0.2,0.991429,0.002611,0.364903,0.583333,0.647059,1,1,1
0.1,0.2,0.991429,0.002611,0.364903,0.583333,0.647059,1,1,1
0.1,0.1,0.991429,0.02997,0.384401,0.583333,0.647059,1,1,1
0.1,0.1,0.991429,0.02997,0.384401,0.583333,0.647059,1,1,1
0.1,0.1,0.991429,0.02997,0.384401,0.583333,0.647059,1,1,1
0.1,0.1,0.991429,0.02997,0.384401,0.583333,0.647059,1,1,1
0.1,0.1,0.991429,0.02997,0.384401,0.583333,0.647059,1,1,1
0.1,0.3,0.991429,0.011044,0.376045,0.604167,0.529412,1,0,1
0.1,0.3,0.991429,0.011044,0.376045,0.604167,0.529412,1,0,1
0.2,0.3,0.991429,0.012354,0.356546,0.5625,0,0.319588,0,1
0.2,0.3,0.991429,0.0048,0.309192,0.604167,0.529412,0.762887,0,1
0.2,0.3,0.991429,0.0048,0.309192,0.604167,0.529412,0.762887,0,1
0.2,0.3,0.991429,0.0048,0.309192,0.604167,0.529412,0.762887,0,1
0.2,0.3,0.991429,0.0048,0.309192,0.604167,0.529412,0.762887,0,1
0.2,0.3,0.991429,0.0048,0.309192,0.604167,0.529412,0.762887,0,1
0.2,0.3,0.991429,0.006042,0.289694,0.604167,0.529412,0.762887,0,1
0.2,0.3,0.991429,0.006309,0.275766,0.604167,0.529412,0.762887,0,1
0.2,0.2,1,0.00162,0.261838,0.604167,0.529412,1,0,1
0.2,0.2,0.991429,0.049805,0.245125,0.604167,0.529412,1,0,1
0.2,0.2,0.991429,0.049805,0.245125,0.604167,0.529412,1,0,1
0.2,0.2,0.991429,0.049805,0.245125,0.604167,0.529412,1,0,1
0.2,0.2,0.991429,0.001449,0.236769,0.625,0.529412,1,1,1
0.2,0.1,0.991429,0.004376,0.233983,0.625,0.529412,1,0,1
0.2,0.3,0.991429,0.002124,0.233983,0.645833,0.411765,0.319588,0,1
0.2,0.3,0.991429,0.002124,0.233983,0.645833,0.411765,0.319588,0,1
0.2,0.2,1,0.001483,0.239554,0.583333,0.529412,1,0,1
0.2,0.2,0.991429,0.001963,0.228412,0.625,0.529412,1,0,1
0.2,0.1,1,0.038832,0.233983,0.625,0.764706,0.762887,0,1
0.2,0.2,0.991429,0.001876,0.222841,0.666667,0.647059,1,0,1
0.1,0.3,0.991429,0.001099,0.247911,0.645833,0.529412,1,0,1
0.1,0.2,0.991429,0.044695,0.208914,0.520833,0.882353,0.762887,1,1
0.1,0.2,0.991429,0.001086,0.18663,0.583333,0.647059,1,0,1
0.1,0.3,1,0.001078,0.155989,0.541667,0.529412,1,1,1
0.1,0.3,1,0.001078,0.155989,0.541667,0.529412,1,1,1
0.1,0.3,1,0.001078,0.155989,0.541667,0.529412,1,1,1
0.1,0.3,1,0.001078,0.155989,0.541667,0.529412,1,1,1
0.1,0.3,1,0.001078,0.155989,0.541667,0.529412,1,1,1
0.1,0.2,0.991429,0.044695,0.208914,0.520833,0.882353,0.762887,1,1
0.1,0.2,0.991429,0.044695,0.208914,0.520833,0.882353,0.762887,1,1
0.1,0.2,0.991429,0.044695,0.208914,0.520833,0.882353,0.762887,1,1
0.1,0.2,0.991429,0.043608,0.250696,0.604167,0.882353,0.762887,1,1
0.1,0.3,1,0.001079,0.272981,0.5,0.529412,1,0,1
0.1,0.3,1,0.001079,0.272981,0.5,0.529412,1,0,1
0.1,0.2,0.991429,0.001093,0.286908,0.458333,0.647059,1,1,1
0.1,0.2,0.991429,0.001093,0.286908,0.458333,0.647059,1,1,1
0.1,0.1,0.991429,0.001618,0.292479,0.375,0.647059,1,1,1
0.1,0.1,0.991429,0.001618,0.292479,0.375,0.647059,1,1,1
0.1,0.1,0.991429,0.001618,0.292479,0.375,0.647059,1,1,1
0.1,0.1,0.991429,0.001618,0.292479,0.375,0.647059,1,1,1
0.1,0.1,0.991429,0.001618,0.292479,0.375,0.647059,1,1,1
0.1,0.1,0.991429,0.001618,0.292479,0.375,0.647059,1,1,1
0.1,0.2,0.991429,0.008046,0.518106,0.0625,0.764706,0.762887,1,1
0.1,0.2,1,0.000201,0.707521,0.395833,0.529412,0.948454,0,1
0.1,0.2,1,0.00028,0.713092,0.4375,0.529412,0.948454,1,1
0.1,0.2,1,0.000488,0.690808,0.5,0.411765,0.948454,1,1
0.1,0.2,1,0.001375,0.543175,0.104167,0.529412,1,0,1
0.1,0.2,1,0.001375,0.543175,0.104167,0.529412,1,0,1
0.1,0.2,1,0.001462,0.295265,0.291667,0.647059,1,0,1
0.1,0.1,0.991429,0.002108,0.278552,0.375,0.647059,1,1,1
0.1,0.2,0.991429,0.001093,0.286908,0.458333,0.647059,1,1,1
0.1,0.1,0.991429,0.001618,0.292479,0.375,0.647059,1,1,1
0.1,0.2,0.991429,0.001093,0.286908,0.458333,0.647059,1,1,1
0.1,0.2,0.991429,0.001093,0.286908,0.458333,0.647059,1,1,1
0.1,0.1,0.991429,0.002108,0.278552,0.375,0.647059,1,1,1
0.1,0.1,0.991429,0.002108,0.278552,0.375,0.647059,1,1,1
0.1,0.1,0.991429,0.002108,0.278552,0.375,0.647059,1,1,1
0.1,0.1,0.991429,0.002108,0.278552,0.375,0.647059,1,1,1
0.1,0.1,0.991429,0.002108,0.278552,0.375,0.647059,1,1,1
0.1,0.1,0.991429,0.002108,0.278552,0.375,0.647059,1,1,1
0.1,0.2,0.991429,0.001285,0.261838,0.416667,0.647059,1,0,1
0.1,0.2,0.991429,0.001285,0.261838,0.416667,0.647059,1,0,1
0.1,0.2,0.991429,0.001285,0.261838,0.416667,0.647059,1,0,1
0.1,0.2,1,0.001075,0.233983,0.354167,0.647059,1,0,1
0.1,0.2,0.991429,0.030063,0.236769,0.4375,0.764706,0.762887,0,1
0.1,0.2,0.991429,0.030063,0.236769,0.4375,0.764706,0.762887,0,1
0.1,0.3,0.991429,0.001342,0.175487,0.458333,0.647059,1,1,1
0.1,0.3,0.991429,0.001342,0.175487,0.458333,0.647059,1,1,1
0.1,0.3,0.991429,0.001112,0.250696,0.354167,0.647059,1,1,1
0.1,0.2,1,0.000891,0.286908,0.416667,0.647059,1,1,1
0.1,0.3,1,0.000938,0.264624,0.395833,0.647059,1,0,1
0.1,0.2,0.991429,0.001165,0.284123,0.354167,0.647059,1,0,1
0.1,0.2,0.991429,0.001165,0.284123,0.354167,0.647059,1,0,1
0.1,0.2,0.991429,0.000866,0.264624,0.395833,0.529412,1,1,1
0.1,0.3,1,0.00079,0.281337,0.270833,0.529412,1,0,1
0.1,0.2,0.991429,0.003577,0.275766,0.354167,0,0.319588,0,1
0.1,0.2,1,0.001063,0.270195,0.3125,0.529412,1,0,1
0.1,0.2,1,0.001063,0.270195,0.3125,0.529412,1,0,1
0.1,0.3,0.991429,0.000955,0.264624,0.416667,0.529412,1,0,1
0.1,0.3,0.991429,0.000955,0.264624,0.416667,0.529412,1,0,1
0.1,0.2,1,0.001045,0.267409,0.333333,0.647059,1,1,1
0.1,0.2,1,0.001164,0.272981,0.333333,0.529412,1,1,1
0.1,0.3,0,0.000919,0.270195,0.291667,0.529412,1,0,1
0.1,0.3,0,0.000919,0.270195,0.291667,0.529412,1,0,1
0.1,0.3,0,0.000919,0.270195,0.291667,0.529412,1,0,1
0.1,0.1,0.991429,0.001926,0.267409,0.354167,0.647059,1,1,1
0.1,0.1,0.991429,0.001926,0.267409,0.354167,0.647059,1,1,1
0.1,0.2,0.991429,0.001347,0.278552,0.333333,0.529412,1,0,1
0.1,0.2,0.991429,0.001347,0.278552,0.333333,0.529412,1,0,1
0.1,0.2,0.991429,0.001511,0.267409,0.416667,0.529412,1,0,1
0.1,0.2,0.991429,0.001347,0.278552,0.333333,0.529412,1,0,1
0.1,0.2,0,0.000912,0.292479,0.291667,0.647059,1,1,1
0.1,0.2,0.991429,0.001621,0.300836,0.291667,0.647059,1,0,1
0.1,0.2,1,0.001239,0.29805,0.25,0.647059,1,0,1
0.1,0.1,1,0.001729,0.272981,0.5625,0.647059,1,1,1
0.1,0.2,1,0.001529,0.264624,0.4375,0.647059,1,0,1
0.1,0.2,1,0.001057,0.147632,0.458333,0.529412,1,0,1
0.1,0.2,1,0.001059,0.100279,0.479167,0.647059,1,0,1
0.1,0.2,0.991429,0.001069,0.103064,0.458333,0.529412,1,0,1
0.1,0.2,0.991429,0.001023,0.036212,0.541667,0.529412,1,0,1
0.1,0.2,1,0.000912,0.077994,0.4375,0.529412,1,0,1
0.1,0.2,1,0.000912,0.077994,0.4375,0.529412,1,0,1
0.1,0.2,0.991429,0.020102,0.272981,0.4375,0.764706,0.762887,0,1
0.1,0.3,0.991429,0.001921,0.311978,0.5,0.764706,0.762887,0,1
0.1,0.2,0.991429,0.005613,0.270195,0.354167,0.882353,0.762887,0,1
0.1,0.3,0.991429,0.000137,0.259053,0.479167,0.411765,0.525773,1,1
0.1,0.3,0,0.000145,0.181058,0.479167,0.411765,0.525773,1,1
0.1,0.2,1,0.000678,0.206128,0.479167,0,0.319588,1,1
0.1,0.2,0.991429,0.005263,0.18663,0.458333,0.647059,1,1,1
0.1,0.2,1,0.011079,0.158774,0.479167,0.647059,0.762887,0,1
0.1,0.3,1,0.001034,0.167131,0.416667,0.529412,1,1,1
0.1,0.2,1,0.000847,0.303621,0.1875,0.529412,1,0,1
0.1,0.2,1,0.000847,0.303621,0.1875,0.529412,1,0,1
0.1,0.2,1,0.00025,0.493036,0.354167,0,0.57732,0,1
0.1,0.3,1,0.000026,0.384401,0.083333,0.647059,0.948454,0,1
0.1,0.3,1,0.000026,0.384401,0.083333,0.647059,0.948454,0,1
0.1,0.3,1,0.000026,0.384401,0.083333,0.647059,0.948454,0,1
0.1,0.2,0,0.126884,0.579387,0.6875,0.764706,0.762887,0,1
0.1,0.2,0,0.126884,0.579387,0.6875,0.764706,0.762887,0,1
0.1,0.2,0.991429,0.007018,0.587744,0.729167,0.882353,0.762887,0,1
0.1,0.1,0.991429,0.000984,0.5961,0.6875,0.529412,1,1,1
0.1,0.1,1,0.000922,0.598886,0.645833,0.529412,1,1,1
0.1,0.1,1,0.000922,0.598886,0.645833,0.529412,1,1,1
0.1,0.1,1,0.000922,0.598886,0.645833,0.529412,1,1,1
0.1,0.2,1,0.001677,0.615599,0.458333,0.529412,1,1,1
0.1,0.1,0.991429,0.002617,0.651811,0.583333,0.411765,0.319588,1,1
0.1,0.2,0.991429,0.006334,0.685237,0.541667,0.764706,0.762887,0,1
0.1,0.2,0.991429,0.011439,0.654596,0.625,0.764706,0.762887,0,1
0.1,0.2,1,0.001763,0.629526,0.583333,0.529412,1,0,1
0.1,0.2,1,0.002267,0.598886,0.479167,0.529412,1,1,1
0.1,0.2,0.991429,0.002194,0.607242,0.416667,0.647059,1,0,1
0.1,0.2,0.991429,0.002194,0.607242,0.416667,0.647059,1,0,1
0.1,0.2,0.991429,0.001944,0.537604,0.291667,0.647059,1,0,1
0.1,0.2,0.991429,0.002295,0.551532,0.291667,0.529412,1,0,1
0.1,0.2,0.991429,0.001944,0.537604,0.291667,0.647059,1,0,1
0.1,0.2,1,0.009889,0.668524,0.458333,0.764706,0.762887,1,1
0.1,0.2,1,0.002267,0.598886,0.479167,0.529412,1,1,1
0.1,0.2,1,0.001628,0.618384,0.5625,0.529412,1,0,1
0.1,0.2,0.991429,0.017283,0.637883,0.583333,0.764706,0.762887,1,1
0.1,0.2,0.991429,0.009156,0.704735,0.333333,0.764706,0.762887,1,1
0.1,0.1,0.991429,0.00365,0.735376,0.395833,0.529412,0.762887,1,1
0.1,0.1,0.991429,0.000924,0.699164,0.5,0.647059,1,0,1
0.1,0.2,0,0.00201,0.679666,0.541667,0.529412,1,0,1
0.1,0.1,0.991429,0.000979,0.671309,0.5,0.529412,1,1,1
0.1,0.1,0.991429,0.000979,0.671309,0.5,0.529412,1,1,1
0.1,0.2,0.017143,0.097022,0.665738,0.625,0,0.57732,1,1
0.1,0.2,0.017143,0.097022,0.665738,0.625,0,0.57732,1,1
0.1,0.2,0.017143,0.097022,0.665738,0.625,0,0.57732,1,1
0.1,0.1,1,0.000378,0.275766,0.208333,0.529412,1,0,1
0.1,0.1,1,0.000378,0.275766,0.208333,0.529412,1,0,1
0.1,0.2,1,0,0.671309,0.166667,0.411765,0.948454,0,1
0.1,0.2,1,0,0.671309,0.166667,0.411765,0.948454,0,1
0.1,0.1,1,0.000269,0.721448,0.208333,0.764706,0.762887,1,1
0.1,0.2,0.991429,0.00733,0.738162,0.3125,0.764706,0.762887,0,1
0.1,0.3,1,0.000227,0.688022,0.333333,0.411765,0.948454,0,1
0.1,0.3,1,0.000227,0.688022,0.333333,0.411765,0.948454,0,1
0.1,0.1,0.991429,0.006634,0.665738,0.270833,0.764706,0.762887,1,1
0.1,0.1,1,0.007406,0.626741,0.166667,0.764706,0.762887,1,1
0.1,0.2,1,0.000488,0.690808,0.5,0.411765,0.948454,1,1
0.1,0.2,0.991429,0.006337,0.70195,0.6875,0,0.319588,0,1
0.1,0.2,1,0.000201,0.707521,0.395833,0.529412,0.948454,0,1
0.1,0.1,1,0.001784,0.657382,0.5,0,0.319588,1,1
0.1,0.2,1,0.006817,0.665738,0.416667,0.764706,0.762887,0,1
0.1,0.2,0.991429,0.011163,0.629526,0.354167,0.764706,0.762887,0,1
0.1,0.2,0.991429,0.065258,0.888579,0.416667,0.529412,0.762887,0,1
0.1,0.2,0.991429,0.145182,0.869081,0.479167,0.764706,0.762887,0,1
0.1,0.2,0.991429,0.235747,0.860724,0.520833,0.764706,0.762887,0,1
0.1,0.2,0.991429,0.168728,0.857939,0.583333,0.882353,0.762887,0,1
0.1,0.2,0.991429,0.168728,0.857939,0.583333,0.882353,0.762887,0,1
0.1,0.2,1,0.429779,0.86351,0.645833,0.764706,0.762887,0,1
0.1,0.2,0.991429,0.699031,0.852368,0.770833,0.882353,0.762887,1,1
0.1,0.2,1,0.333836,0.779944,0.645833,0.764706,0.762887,1,1
0.1,0.2,1,0.00016,0.587744,0.375,0.411765,0.948454,0,1
0.1,0.2,1,0.00016,0.587744,0.375,0.411765,0.948454,0,1
0.1,0.2,1,0.00016,0.587744,0.375,0.411765,0.948454,0,1
0.1,0.2,0.991429,0.012715,0.724234,0.458333,0.882353,0.762887,0,1
0.1,0.2,0.991429,0.103146,0.779944,0.791667,0.764706,0.762887,0,1
0.1,0.2,0.991429,0.103146,0.779944,0.791667,0.764706,0.762887,0,1
0.1,0.2,0.991429,0.179248,0.830084,0.833333,0.764706,0.762887,0,1
0.1,0.2,0.991429,0.699031,0.852368,0.770833,0.882353,0.762887,1,1
0.1,0.2,0.991429,0.179248,0.830084,0.833333,0.764706,0.762887,0,1
0.1,0.2,0.991429,0.179248,0.830084,0.833333,0.764706,0.762887,0,1
0.1,0.2,0.991429,0.179248,0.830084,0.833333,0.764706,0.762887,0,1
0.1,0.2,0.991429,0.179248,0.830084,0.833333,0.764706,0.762887,0,1
0.1,0.2,0.991429,0.179248,0.830084,0.833333,0.764706,0.762887,0,1
0.1,0.2,0.991429,0.179248,0.830084,0.833333,0.764706,0.762887,0,1
0.1,0.2,1,1,0.883008,0.854167,0.882353,0.762887,0,1
0.1,0.2,0.991429,0.559792,0.857939,0.75,0.764706,0.762887,1,1
0.1,0.2,0.991429,0.559792,0.857939,0.75,0.764706,0.762887,1,1
0.1,0.2,1,0.717541,0.846797,0.770833,0.764706,0.762887,0,1
0.1,0.2,0.991429,0.642156,0.835655,0.791667,0.764706,0.762887,1,1
0.1,0.2,0.991429,0.642156,0.835655,0.791667,0.764706,0.762887,1,1
0.1,0.2,1,0.723153,0.807799,0.833333,0.882353,0.762887,0,1
0.1,0.2,1,0.557388,0.802228,0.708333,0.764706,0.762887,0,1
0.1,0.2,0.991429,0.43651,0.796657,0.6875,0.764706,0.762887,0,1
0.1,0.2,1,0.071632,0.788301,0.645833,0.764706,0.762887,0,1
0.1,0.2,1,0.056376,0.752089,0.5625,0.764706,0.762887,0,1
0.1,0.3,1,0.012299,0.735376,0.604167,0.647059,1,0,1
0.1,0.2,1,0.002119,0.710306,0.625,0.647059,1,0,1
0.1,0.2,0.991429,0.012198,0.704735,0.541667,0.647059,1,0,1
0.1,0.2,1,0.080505,0.685237,0.375,0.764706,0.762887,0,1
0.1,0.2,0.991429,0.038079,0.721448,0.395833,0.647059,1,0,1
0.1,0.2,0.991429,0.038079,0.721448,0.395833,0.647059,1,0,1
0.1,0.2,0.991429,0.038079,0.721448,0.395833,0.647059,1,0,1
0.1,0.2,1,0.003792,0.398329,0.104167,0.764706,0.762887,1,1
0.1,0.3,1,0.006919,0.270195,0.354167,0.764706,0.762887,0,1
0.1,0.3,1,0.007263,0.259053,0.416667,0.882353,0.762887,0,1
0.1,0.3,1,0.010474,0.256267,0.4375,0.882353,0.762887,0,1
0.1,0.2,1,0.001068,0.972145,0.0625,0.647059,1,1,1
0.1,0.2,1,0.001068,0.972145,0.0625,0.647059,1,1,1
0.1,0.2,1,0.001068,0.972145,0.0625,0.647059,1,1,1
0.1,0.2,0.991429,0.112329,0.768802,0.458333,0.647059,1,0,1
0.1,0.3,0.991429,0.002389,0.579387,0.041667,0.647059,1,0,1
0.1,0.3,1,0.0008,0.356546,0.333333,0.647059,1,0,1
0.1,0.3,1,0.0008,0.356546,0.333333,0.647059,1,0,1
0.1,0.3,1,0.0008,0.356546,0.333333,0.647059,1,0,1
0.1,0.3,1,0.0008,0.356546,0.333333,0.647059,1,0,1
0.1,0.3,1,0.0008,0.356546,0.333333,0.647059,1,0,1
0.1,0.3,1,0.0008,0.356546,0.333333,0.647059,1,0,1
0.1,0.3,1,0.0008,0.356546,0.333333,0.647059,1,0,1
0.1,0.3,1,0.0008,0.356546,0.333333,0.647059,1,0,1
0.1,0.3,1,0.0008,0.356546,0.333333,0.647059,1,0,1
0.1,0.2,1,0.001435,0.320334,0.479167,0.647059,1,0,1
0.1,0.2,1,0.001435,0.320334,0.479167,0.647059,1,0,1
0.1,0.2,1,0.001435,0.320334,0.479167,0.647059,1,0,1
0.1,0.2,1,0.001435,0.320334,0.479167,0.647059,1,0,1
0.1,0.2,1,0.001435,0.320334,0.479167,0.647059,1,0,1
0.1,0.3,1,0.0008,0.356546,0.333333,0.647059,1,0,1
0.2,0.3,1,0.0008,0.356546,0.333333,0.647059,1,0,1
0.2,0.3,1,0.0008,0.356546,0.333333,0.647059,1,0,1
0.2,0.2,0.991429,0.003451,0.303621,0.166667,0.647059,1,1,1
0.2,0.2,0.991429,0.003451,0.303621,0.166667,0.647059,1,1,1
0.2,0.3,1,0.0008,0.356546,0.333333,0.647059,1,0,1
0.2,0.3,1,0.0008,0.356546,0.333333,0.647059,1,0,1
0.2,0.3,1,0.0008,0.356546,0.333333,0.647059,1,0,1
0.2,0.2,0.991429,0.31365,0.632312,0.145833,0.647059,1,0,1
0.2,0.2,0.991429,0.31365,0.632312,0.145833,0.647059,1,0,1
0.2,0.2,0.991429,0.003451,0.303621,0.166667,0.647059,1,1,1
0.2,0.1,0.991429,0.002526,0.309192,0.458333,0.647059,1,1,1
0.2,0.1,0.991429,0.002526,0.309192,0.458333,0.647059,1,1,1
0.2,0.1,0.991429,0.002526,0.309192,0.458333,0.647059,1,1,1
0.2,0.1,0.991429,0.002526,0.309192,0.458333,0.647059,1,1,1
0.2,0.1,0.991429,0.002526,0.309192,0.458333,0.647059,1,1,1
0.2,0.1,0.991429,0.002526,0.309192,0.458333,0.647059,1,1,1
0.2,0.1,0.991429,0.002526,0.309192,0.458333,0.647059,1,1,1
0.2,0.1,0.991429,0.002526,0.309192,0.458333,0.647059,1,1,1
0.2,0.2,0.991429,0.017525,0.284123,0.416667,0.764706,0.762887,0,1
0.2,0.2,0.991429,0.017525,0.284123,0.416667,0.764706,0.762887,0,1
0.1,0.2,0.991429,0.017525,0.284123,0.416667,0.764706,0.762887,0,1
0.1,0.2,0.991429,0.017525,0.284123,0.416667,0.764706,0.762887,0,1
0.1,0.2,0.991429,0.025899,0.289694,0.416667,0.764706,0.762887,0,1
0.1,0.2,0.991429,0.025899,0.289694,0.416667,0.764706,0.762887,0,1
0.1,0.2,0.991429,0.025899,0.289694,0.416667,0.764706,0.762887,0,1
0.1,0.2,1,0.002273,0.231198,0.354167,0.647059,1,1,1
0.1,0.2,1,0.002273,0.231198,0.354167,0.647059,1,1,1
0.1,0.2,0.991429,0.010052,0.256267,0.395833,0.764706,0.762887,1,1
0.1,0.2,0.991429,0.010052,0.256267,0.395833,0.764706,0.762887,1,1
0.1,0.2,0.991429,0.010052,0.256267,0.395833,0.764706,0.762887,1,1
0.1,0.2,0.991429,0.010052,0.256267,0.395833,0.764706,0.762887,1,1
0.1,0.2,0.991429,0.017525,0.284123,0.416667,0.764706,0.762887,0,1
0.1,0.2,0.991429,0.017525,0.284123,0.416667,0.764706,0.762887,0,1
0.1,0.3,1,0.007237,0.278552,0.354167,0.882353,0.762887,0,1
0.1,0.2,0.991429,0.017525,0.284123,0.416667,0.764706,0.762887,0,1
0.1,0.2,0.991429,0.017525,0.284123,0.416667,0.764706,0.762887,0,1
0.1,0.2,0.991429,0.017525,0.284123,0.416667,0.764706,0.762887,0,1
0.1,0.3,1,0.007237,0.278552,0.354167,0.882353,0.762887,0,1
0.1,0.3,0.991429,0.011534,0.295265,0.416667,0.882353,0.762887,1,1
0.1,0.3,0.991429,0.011534,0.295265,0.416667,0.882353,0.762887,1,1
0.1,0.3,1,0.007237,0.278552,0.354167,0.882353,0.762887,0,1
0.1,0.2,1,0.002749,0.164345,0.1875,0.647059,1,1,1
0.1,0.3,0.991429,0.011262,0.203343,0.166667,0.764706,0.762887,1,1
0.1,0.3,0.991429,0.011262,0.203343,0.166667,0.764706,0.762887,1,1
0.1,0.2,1,0.00085,0.267409,0.1875,0.647059,1,0,1
0.1,0.2,0.991429,0.007579,0.29805,0.354167,0.882353,0.762887,1,1
0.1,0.2,0.991429,0.007579,0.29805,0.354167,0.882353,0.762887,1,1
0.1,0.2,0.991429,0.007579,0.29805,0.354167,0.882353,0.762887,1,1
0.1,0.3,1,0.006017,0.278552,0.229167,0.764706,0.762887,0,1
0.1,0.3,1,0.006017,0.278552,0.229167,0.764706,0.762887,0,1
0.1,0.3,0.991429,0.013777,0.286908,0.270833,0.882353,0.762887,0,1
0.1,0.3,0.991429,0.013777,0.286908,0.270833,0.882353,0.762887,0,1
0.1,0.2,1,0.014152,0.267409,0.333333,0.882353,0.762887,0,1
0.1,0.2,1,0.029885,0.281337,0.416667,0.882353,0.762887,0,1
0.1,0.2,1,0.029885,0.281337,0.416667,0.882353,0.762887,0,1
0.1,0.2,1,0.029885,0.281337,0.416667,0.882353,0.762887,0,1
0.1,0.2,1,0.029885,0.281337,0.416667,0.882353,0.762887,0,1
0.1,0.2,1,0.029885,0.281337,0.416667,0.882353,0.762887,0,1
0.1,0.2,1,0.029885,0.281337,0.416667,0.882353,0.762887,0,1
0.1,0.2,1,0.029885,0.281337,0.416667,0.882353,0.762887,0,1
0.1,0.2,1,0.029885,0.281337,0.416667,0.882353,0.762887,0,1
0.1,0.2,1,0.029885,0.281337,0.416667,0.882353,0.762887,0,1
0.1,0.2,1,0.029885,0.281337,0.416667,0.882353,0.762887,0,1
0.1,0.2,1,0.029885,0.281337,0.416667,0.882353,0.762887,0,1
0.1,0.2,0.991429,0.007608,0.281337,0.416667,0.764706,0.762887,1,1
0.1,0.3,1,0.007228,0.270195,0.458333,0.764706,0.762887,1,1
0.1,0.3,1,0.008677,0.281337,0.520833,0.764706,0.762887,0,1
0.1,0.3,0.991429,0.008098,0.311978,0.645833,0.764706,0.762887,0,1
0.1,0.1,0.991429,0.04387,0.300836,0.5,0.764706,0.762887,1,1
0.1,0.1,0.991429,0.04387,0.300836,0.5,0.764706,0.762887,1,1
0.1,0.1,0.991429,0.04387,0.300836,0.5,0.764706,0.762887,1,1
0.1,0.3,1,0.008677,0.281337,0.520833,0.764706,0.762887,0,1
0.1,0.1,0.991429,0.04387,0.300836,0.5,0.764706,0.762887,1,1
0.1,0.3,1,0.008677,0.281337,0.520833,0.764706,0.762887,0,1
0.1,0.3,1,0.008677,0.281337,0.520833,0.764706,0.762887,0,1
0.1,0.3,1,0.008677,0.281337,0.520833,0.764706,0.762887,0,1
0.1,0.3,1,0.008677,0.281337,0.520833,0.764706,0.762887,0,1
0.1,0.2,1,0.009336,0.239554,0.270833,0.882353,0.762887,1,1
0.1,0.3,0.991429,0.008028,0.289694,0.375,0.764706,0.762887,0,1
0.1,0.3,0.991429,0.008028,0.289694,0.375,0.764706,0.762887,0,1
0.1,0.2,1,0.009336,0.239554,0.270833,0.882353,0.762887,1,1
0.1,0.2,0.991429,0.010606,0.220056,0.25,0.882353,0.762887,1,1
0.1,0.2,0.991429,0.010606,0.220056,0.25,0.882353,0.762887,1,1
0.1,0.2,1,0.005109,0.208914,0.291667,0.764706,0.762887,0,1
0.1,0.2,1,0.005109,0.208914,0.291667,0.764706,0.762887,0,1
0.1,0.2,0.991429,0.010606,0.220056,0.25,0.882353,0.762887,1,1
0.1,0.2,0.991429,0.010606,0.220056,0.25,0.882353,0.762887,1,1
0.1,0.3,1,0.004817,0.233983,0.3125,0.882353,0.762887,0,1
0.1,0.3,1,0.004817,0.233983,0.3125,0.882353,0.762887,0,1
0.1,0.3,1,0.004817,0.233983,0.3125,0.882353,0.762887,0,1
0.1,0.3,1,0.004817,0.233983,0.3125,0.882353,0.762887,0,1
0.1,0.3,1,0.006546,0.259053,0.333333,0.764706,0.762887,1,1
0.1,0.3,1,0.006546,0.259053,0.333333,0.764706,0.762887,1,1
0.1,0.3,1,0.006546,0.259053,0.333333,0.764706,0.762887,1,1
0.1,0.3,1,0.006546,0.259053,0.333333,0.764706,0.762887,1,1
0.1,0.3,1,0.006546,0.259053,0.333333,0.764706,0.762887,1,1
0.1,0.3,1,0.006546,0.259053,0.333333,0.764706,0.762887,1,1
0.1,0.3,1,0.006546,0.259053,0.333333,0.764706,0.762887,1,1
0.1,0.3,1,0.006546,0.259053,0.333333,0.764706,0.762887,1,1
0.1,0.3,0.991429,0.015357,0.295265,0.395833,0.764706,0.762887,0,1
0.1,0.2,1,0.035397,0.320334,0.5,0.764706,0.762887,0,1
0.1,0.2,0.991429,0.042296,0.314763,0.479167,0.882353,0.762887,0,1
0.1,0.2,0.991429,0.042296,0.314763,0.479167,0.882353,0.762887,0,1
0.1,0.2,1,0.029497,0.331476,0.625,0.764706,0.762887,0,1
0.1,0.2,1,0.029497,0.331476,0.625,0.764706,0.762887,0,1
0.1,0.2,0.991429,0.188469,0.345404,0.833333,0.647059,1,0,1
0.1,0.2,0.991429,0.188469,0.345404,0.833333,0.647059,1,0,1
0.1,0.2,0.991429,0.188469,0.345404,0.833333,0.647059,1,0,1
0.1,0.3,0.991429,0.00202,0.325905,0.770833,0.647059,1,0,1
0.1,0.3,0.991429,0.00202,0.325905,0.770833,0.647059,1,0,1
0.1,0.2,0.991429,0.008972,0.303621,0.75,0.764706,0.762887,1,1
0.1,0.2,0.991429,0.008972,0.303621,0.75,0.764706,0.762887,1,1
0.1,0.2,1,0.00476,0.286908,0.729167,0.647059,1,0,1
0.1,0.2,1,0.00476,0.286908,0.729167,0.647059,1,0,1
0.1,0.3,0.991429,0.022484,0.303621,0.541667,0.647059,1,0,1
0.1,0.3,0.991429,0.022484,0.303621,0.541667,0.647059,1,0,1
0.1,0.1,1,0.003432,0.320334,0.583333,0.647059,1,1,1
0.1,0.1,1,0.003432,0.320334,0.583333,0.647059,1,1,1
0.1,0.2,0.991429,0.013801,0.334262,0.666667,0.647059,1,1,1
0.1,0.1,1,0.003432,0.320334,0.583333,0.647059,1,1,1
0.1,0.1,1,0.003432,0.320334,0.583333,0.647059,1,1,1
0.1,0.1,1,0.003432,0.320334,0.583333,0.647059,1,1,1
0.1,0.3,0.991429,0.022484,0.303621,0.541667,0.647059,1,0,1
0.1,0.3,0.991429,0.022484,0.303621,0.541667,0.647059,1,0,1
0.1,0.3,0.991429,0.022484,0.303621,0.541667,0.647059,1,0,1
0.1,0.3,0.991429,0.022484,0.303621,0.541667,0.647059,1,0,1
0.1,0.3,0.991429,0.022484,0.303621,0.541667,0.647059,1,0,1
0.1,0.2,1,0.002001,0.286908,0.708333,0.647059,1,0,1
0.1,0.2,0.991429,0.006675,0.626741,0.166667,0.529412,1,1,1
0.1,0.3,1,0.001308,0.309192,0.5,0.529412,1,0,1
0.1,0.3,0.991429,0.004127,0.671309,0.5,0.529412,1,1,1
0.1,0.2,0.991429,0.008467,0.64624,0.5,0.529412,1,0,1
0.1,0.2,0.991429,0.008467,0.64624,0.5,0.529412,1,0,1
0.1,0.2,0.991429,0.008467,0.64624,0.5,0.529412,1,0,1
0.1,0.2,0.991429,0.008467,0.64624,0.5,0.529412,1,0,1
0.1,0.2,0.991429,0.008467,0.64624,0.5,0.529412,1,0,1
0.1,0.3,0.991429,0.004127,0.671309,0.5,0.529412,1,1,1
0.1,0.3,0.991429,0.004127,0.671309,0.5,0.529412,1,1,1
0.1,0.2,1,0.002669,0.571031,0.270833,0.529412,1,1,1
0.1,0.2,1,0.002669,0.571031,0.270833,0.529412,1,1,1
0.1,0.2,1,0.002669,0.571031,0.270833,0.529412,1,1,1
0.1,0.2,0.991429,0.000925,0.32312,0.520833,0.647059,1,1,1
0.1,0.3,1,0.001308,0.309192,0.5,0.529412,1,0,1
0.1,0.2,0.991429,0.000925,0.32312,0.520833,0.647059,1,1,1
0.1,0.2,0.991429,0.000925,0.32312,0.520833,0.647059,1,1,1
0.1,0.3,0.991429,0.001098,0.320334,0.520833,0.647059,1,0,1
0.1,0.3,0.991429,0.001098,0.320334,0.520833,0.647059,1,0,1
0.1,0.2,0.991429,0.011038,0.267409,0.729167,0.647059,1,1,1
0.1,0.2,0.991429,0.001377,0.278552,0.5,0.529412,1,0,1
0.1,0.3,0.991429,0.002712,0.200557,0.458333,0.647059,1,1,1
0.1,0.3,0.991429,0.002712,0.200557,0.458333,0.647059,1,1,1
0.1,0.3,0.991429,0.002712,0.200557,0.458333,0.647059,1,1,1
0.1,0.3,0.991429,0.002712,0.200557,0.458333,0.647059,1,1,1
0.1,0.3,0.991429,0.002712,0.200557,0.458333,0.647059,1,1,1
0.1,0.2,0.991429,0.011038,0.267409,0.729167,0.647059,1,1,1
0.1,0.2,0.991429,0.04184,0.270195,0.708333,0.647059,1,1,1
0.1,0.2,0.991429,0.028921,0.270195,0.708333,0.647059,1,1,1
0.1,0.2,1,0.005735,0.289694,0.5625,0.764706,0.762887,1,1
0.1,0.3,0.991429,0.008324,0.256267,0.520833,0.764706,0.762887,0,1
0.1,0.2,0.991429,0.019377,0.211699,0.583333,0.764706,0.762887,1,1
0.1,0.2,1,0.030871,0.194986,0.541667,0.882353,0.762887,1,1
0.1,0.3,1,0.02937,0.150418,0.583333,0.882353,0.762887,1,1
0.1,0.3,0.991429,0.017498,0.181058,0.5625,0.764706,0.762887,1,1
0.1,0.3,1,0.007757,0.228412,0.5,0.882353,0.762887,0,1
0.1,0.2,1,0.002481,0.334262,0.604167,0.647059,1,0,1
0.1,0.2,1,0.002481,0.334262,0.604167,0.647059,1,0,1
0.1,0.3,0.991429,0.014243,0.309192,0.6875,0.529412,1,0,1
0.1,0.3,1,0.010298,0.384401,0.625,0.647059,1,0,1
0.1,0.2,0.991429,0.051983,0.337047,0.708333,0.529412,1,0,1
0.1,0.2,0.991429,0.051983,0.337047,0.708333,0.529412,1,0,1
0.1,0.2,0.991429,0.051983,0.337047,0.708333,0.529412,1,0,1
0.1,0.2,1,0.003239,0.342618,0.583333,0.647059,1,0,1
0.1,0.2,1,0.003239,0.342618,0.583333,0.647059,1,0,1
0.1,0.2,1,0.003239,0.342618,0.583333,0.647059,1,0,1
0.1,0.2,0.991429,0.001469,0.300836,0.5625,0.647059,1,0,1
0.1,0.2,0.991429,0.001469,0.300836,0.5625,0.647059,1,0,1
0.1,0.2,0.991429,0.003133,0.306407,0.5625,0.647059,1,0,1
0.1,0.2,1,0.003288,0.32312,0.541667,0.647059,1,0,1
0.1,0.2,0.991429,0.003133,0.306407,0.5625,0.647059,1,0,1
0.1,0.2,0.991429,0.003133,0.306407,0.5625,0.647059,1,0,1
0.1,0.3,0.991429,0.007209,0.356546,0.604167,0.647059,1,0,1
0.1,0.3,0.991429,0.007209,0.356546,0.604167,0.647059,1,0,1
0.1,0.3,0.991429,0.007209,0.356546,0.604167,0.647059,1,0,1
0.1,0.1,0.991429,0.003292,0.376045,0.604167,0.529412,1,1,1
0.1,0.1,0.991429,0.003292,0.376045,0.604167,0.529412,1,1,1
0.1,0.1,0.991429,0.003292,0.376045,0.604167,0.529412,1,1,1
0.1,0.1,0.991429,0.003292,0.376045,0.604167,0.529412,1,1,1
0.1,0.2,0.991429,0.008616,0.389972,0.625,0.764706,0.762887,1,1
0.1,0.2,0.991429,0.008616,0.389972,0.625,0.764706,0.762887,1,1
0.1,0.2,0.991429,0.008616,0.389972,0.625,0.764706,0.762887,1,1
0.1,0.2,1,0.003606,0.384401,0.583333,0.647059,1,0,1
0.1,0.2,0.991429,0.000932,0.45961,0.479167,0.529412,1,0,1
0.1,0.2,1,0.003606,0.384401,0.583333,0.647059,1,0,1
0.1,0.2,1,0.003606,0.384401,0.583333,0.647059,1,0,1
0.1,0.2,1,0.003606,0.384401,0.583333,0.647059,1,0,1
0.1,0.2,1,0.003606,0.384401,0.583333,0.647059,1,0,1
0.1,0.2,1,0.003606,0.384401,0.583333,0.647059,1,0,1
0.1,0.2,1,0.008444,0.409471,0.541667,0.764706,0.762887,0,1
0.1,0.2,1,0.02853,0.481894,0.5625,0.764706,0.762887,0,1
0.1,0.2,0.991429,0.000836,0.45961,0.479167,0.529412,1,0,1
0.1,0.2,0.991429,0.000932,0.45961,0.479167,0.529412,1,0,1
0.1,0.2,0.991429,0.000932,0.45961,0.479167,0.529412,1,0,1
0.1,0.2,0.991429,0.000932,0.45961,0.479167,0.529412,1,0,1
0.1,0.2,0.991429,0.000932,0.45961,0.479167,0.529412,1,0,1
0.1,0.2,0.991429,0.000932,0.45961,0.479167,0.529412,1,0,1
0.1,0.2,0.991429,0.000932,0.45961,0.479167,0.529412,1,0,1
0.1,0.2,0.991429,0.000932,0.45961,0.479167,0.529412,1,0,1
0.1,0.2,0.991429,0.000836,0.45961,0.479167,0.529412,1,0,1
0.1,0.2,0.991429,0.000836,0.45961,0.479167,0.529412,1,0,1
0.1,0.2,0.991429,0.000836,0.45961,0.479167,0.529412,1,0,1
0.1,0.2,0.991429,0.000836,0.45961,0.479167,0.529412,1,0,1
0.1,0.3,1,0.001134,0.48468,0.541667,0.529412,1,0,1
0.1,0.2,0.991429,0.000887,0.481894,0.520833,0.647059,1,0,1
0.1,0.2,1,0.000818,0.465181,0.479167,0.529412,1,1,1
0.1,0.2,1,0.000818,0.465181,0.479167,0.529412,1,1,1
0.1,0.2,1,0.000818,0.465181,0.479167,0.529412,1,1,1
0.1,0.2,0.991429,0.009408,0.415042,0.583333,0.764706,0.762887,1,1
0.1,0.2,0.991429,0.009408,0.415042,0.583333,0.764706,0.762887,1,1
0.1,0.2,0.991429,0.009408,0.415042,0.583333,0.764706,0.762887,1,1
0.1,0.2,1,0.008106,0.370474,0.541667,0.764706,0.762887,1,1
0.2,0.2,1,0.008106,0.370474,0.541667,0.764706,0.762887,1,1
0.2,0.2,1,0.024432,0.337047,0.541667,0.882353,0.762887,1,1
0.2,0.2,1,0.024432,0.337047,0.541667,0.882353,0.762887,1,1
0.2,0.2,0.991429,0.023107,0.320334,0.541667,0.882353,0.762887,1,1
0.2,0.2,1,0.007152,0.35376,0.541667,0.882353,0.762887,1,1
0.2,0.2,1,0.018765,0.284123,0.5625,0.882353,0.762887,1,1
0.2,0.2,0.991429,0.033039,0.211699,0.604167,0.882353,0.762887,1,1
0.2,0.2,0.991429,0.023366,0.194986,0.5625,0.882353,0.762887,1,1
0.2,0.2,0.991429,0.023366,0.194986,0.5625,0.882353,0.762887,1,1
0.2,0.2,0.991429,0.023366,0.194986,0.5625,0.882353,0.762887,1,1
0.2,0.3,1,0.006324,0.261838,0.479167,0.882353,0.762887,0,1
0.2,0.3,1,0.006324,0.261838,0.479167,0.882353,0.762887,0,1
0.2,0.2,0.991429,0.023366,0.194986,0.5625,0.882353,0.762887,1,1
0.2,0.2,0.991429,0.023366,0.194986,0.5625,0.882353,0.762887,1,1
0.2,0.2,1,0.006689,0.139276,0.6875,0.882353,0.762887,0,1
0.2,0.3,0.991429,0.011537,0.125348,0.6875,0.882353,0.762887,1,1
0.2,0.2,1,0.006768,0.119777,0.6875,0.882353,0.762887,0,1
0.2,0.1,0.991429,0.062567,0.13649,0.708333,0.882353,0.762887,0,1
0.2,0.2,1,0.006868,0.158774,0.770833,0.882353,0.762887,0,1
0.2,0.2,1,0.006868,0.158774,0.770833,0.882353,0.762887,0,1
0.1,0.2,1,0.006868,0.158774,0.770833,0.882353,0.762887,0,1
0.1,0.2,0.991429,0.024526,0.178273,0.708333,0.882353,0.762887,1,1
0.1,0.2,0.991429,0.024526,0.178273,0.708333,0.882353,0.762887,1,1
0.1,0.2,1,0.01331,0.150418,0.770833,0.882353,0.762887,1,1
0.1,0.3,0.991429,0.006951,0.206128,0.541667,0.882353,0.762887,0,1
0.1,0.3,0.991429,0.006951,0.206128,0.541667,0.882353,0.762887,0,1
0.1,0.2,0.991429,0.017582,0.440111,0.625,0.764706,0.762887,0,1
0.1,0.2,0.991429,0.017582,0.440111,0.625,0.764706,0.762887,0,1
0.1,0.2,0.991429,0.00852,0.451253,0.6875,0.764706,0.762887,1,1
0.1,0.2,0.991429,0.00852,0.451253,0.6875,0.764706,0.762887,1,1
0.1,0.2,0.991429,0.008906,0.417827,0.583333,0.882353,0.762887,1,1
0.1,0.3,1,0.007341,0.440111,0.666667,0.882353,0.762887,0,1
0.1,0.2,0.991429,0.001351,0.451253,0.708333,0.647059,1,1,1
0.1,0.2,0.991429,0.001351,0.451253,0.708333,0.647059,1,1,1
0.1,0.2,0.991429,0.001351,0.451253,0.708333,0.647059,1,1,1
0.1,0.2,0.991429,0.001351,0.451253,0.708333,0.647059,1,1,1
0.1,0.3,1,0.007341,0.440111,0.666667,0.882353,0.762887,0,1
0.1,0.3,1,0.001521,0.43454,0.6875,0.647059,1,0,1
0.1,0.3,1,0.001521,0.43454,0.6875,0.647059,1,0,1
0.1,0.3,1,0.001521,0.43454,0.6875,0.647059,1,0,1
0.1,0.3,1,0.001521,0.43454,0.6875,0.647059,1,0,1
0.1,0.3,1,0.001521,0.43454,0.6875,0.647059,1,0,1
0.1,0.2,1,0.01023,0.423398,0.541667,0.882353,0.762887,1,1
0.1,0.2,0.991429,0.008524,0.431755,0.604167,0.764706,0.762887,1,1
0.1,0.2,1,0.00835,0.398329,0.5625,0.882353,0.762887,0,1
0.1,0.3,1,0.008589,0.314763,0.520833,0.882353,0.762887,0,1
0.1,0.2,1,0.007999,0.197772,0.625,0.882353,0.762887,0,1
0.1,0.2,0.991429,0.041758,0.18663,0.541667,0.882353,0.762887,0,1
0.1,0.2,0.991429,0.041758,0.18663,0.541667,0.882353,0.762887,0,1
0.1,0.2,0.991429,0.041758,0.18663,0.541667,0.882353,0.762887,0,1
0.1,0.2,1,0.006915,0.125348,0.583333,0.882353,0.762887,1,1
0.1,0.2,1,0.006915,0.125348,0.583333,0.882353,0.762887,1,1
0.1,0.2,1,0.006915,0.125348,0.583333,0.882353,0.762887,1,1
0.1,0.2,1,0.00788,0.097493,0.666667,0.882353,0.762887,0,1
0.1,0.2,0.991429,0.020717,0.100279,0.708333,0.882353,0.762887,0,1
0.1,0.2,0.991429,0.020717,0.100279,0.708333,0.882353,0.762887,0,1
0.1,0.2,0.991429,0.020717,0.100279,0.708333,0.882353,0.762887,0,1
0.1,0.2,0.991429,0.009406,0.10585,0.75,0.882353,0.762887,0,1
0.1,0.2,0.991429,0.009406,0.10585,0.75,0.882353,0.762887,0,1
0.1,0.2,0.991429,0.009406,0.10585,0.75,0.882353,0.762887,0,1
0.1,0.2,0.991429,0.009406,0.10585,0.75,0.882353,0.762887,0,1
0.1,0.2,0.991429,0.009406,0.10585,0.75,0.882353,0.762887,0,1
0.1,0.2,0.991429,0.009406,0.10585,0.75,0.882353,0.762887,0,1
0.1,0.2,0.991429,0.009406,0.10585,0.75,0.882353,0.762887,0,1
0.1,0.2,0.991429,0.009406,0.10585,0.75,0.882353,0.762887,0,1
0.1,0.2,0.991429,0.009406,0.10585,0.75,0.882353,0.762887,0,1
0.1,0.2,0.991429,0.024623,0.108635,0.770833,0.882353,0.762887,0,1
0.1,0.2,0.991429,0.024623,0.108635,0.770833,0.882353,0.762887,0,1
0.1,0.2,0.991429,0.024623,0.108635,0.770833,0.882353,0.762887,0,1
0.1,0.2,0.991429,0.024623,0.108635,0.770833,0.882353,0.762887,0,1
0.1,0.2,0.991429,0.032452,0.172702,0.604167,0.882353,0.762887,0,1
0.1,0.2,0.991429,0.032452,0.172702,0.604167,0.882353,0.762887,0,1
0.1,0.2,0.991429,0.032452,0.172702,0.604167,0.882353,0.762887,0,1
0.1,0.2,0.991429,0.032452,0.172702,0.604167,0.882353,0.762887,0,1
0.1,0.3,0.991429,0.007075,0.250696,0.604167,0.882353,0.762887,1,1
0.1,0.3,0.991429,0.007075,0.250696,0.604167,0.882353,0.762887,1,1
0.1,0.3,0.991429,0.007075,0.250696,0.604167,0.882353,0.762887,1,1
0.1,0.3,0.991429,0.007047,0.300836,0.6875,0.882353,0.762887,0,1
0.1,0.3,0.991429,0.007047,0.300836,0.6875,0.882353,0.762887,0,1
0.1,0.2,1,0.015147,0.236769,0.541667,0.882353,0.762887,1,1
0.1,0.2,1,0.015147,0.236769,0.541667,0.882353,0.762887,1,1
0.1,0.2,0.991429,0.038627,0.306407,0.5,1,0.762887,1,1
0.1,0.2,0.991429,0.038627,0.306407,0.5,1,0.762887,1,1
0.1,0.2,0.991429,0.038627,0.306407,0.5,1,0.762887,1,1
0.1,0.2,0.991429,0.038627,0.306407,0.5,1,0.762887,1,1
0.1,0.2,0.991429,0.019391,0.220056,0.458333,0.882353,0.762887,1,1
0.1,0.3,1,0.007446,0.211699,0.520833,0.882353,0.762887,1,1
0.1,0.3,1,0.007446,0.211699,0.520833,0.882353,0.762887,1,1
0.1,0.3,1,0.007446,0.211699,0.520833,0.882353,0.762887,1,1
0.1,0.3,1,0.007446,0.211699,0.520833,0.882353,0.762887,1,1
0.1,0.3,1,0.007446,0.211699,0.520833,0.882353,0.762887,1,1
0.1,0.3,0.991429,0.007411,0.309192,0.5625,0.882353,0.762887,1,1
0.1,0.3,0.991429,0.007411,0.309192,0.5625,0.882353,0.762887,1,1
0.1,0.3,1,0.004307,0.267409,0.604167,0.882353,0.762887,0,1
0.1,0.3,1,0.004307,0.267409,0.604167,0.882353,0.762887,0,1
0.1,0.2,1,0.000038,0.300836,0.541667,1,0.948454,1,1
0.1,0.2,1,0.000038,0.300836,0.541667,1,0.948454,1,1
0.1,0.2,1,0.008654,0.350975,0.5625,0.882353,0.762887,1,1
0.1,0.2,1,0.008654,0.350975,0.5625,0.882353,0.762887,1,1
0.1,0.2,1,0.008654,0.350975,0.5625,0.882353,0.762887,1,1
0.1,0.2,1,0.008654,0.350975,0.5625,0.882353,0.762887,1,1
0.1,0.2,1,0.008654,0.350975,0.5625,0.882353,0.762887,1,1
0.1,0.2,1,0.008654,0.350975,0.5625,0.882353,0.762887,1,1
0.1,0.2,0.991429,0.009165,0.417827,0.666667,0.764706,0.762887,0,1
0.1,0.3,0.991429,0.021856,0.417827,0.6875,0.764706,0.762887,0,1
0.1,0.3,0.991429,0.022561,0.359331,0.6875,0.764706,0.762887,0,1
0.1,0.3,0.991429,0.022561,0.359331,0.6875,0.764706,0.762887,0,1
0.1,0.3,0.991429,0.022561,0.359331,0.6875,0.764706,0.762887,0,1
0.1,0.3,0.991429,0.022561,0.359331,0.6875,0.764706,0.762887,0,1
0.1,0.3,1,0.020896,0.325905,0.729167,0.764706,0.762887,0,1
0.1,0.3,0.991429,0.012054,0.328691,0.666667,0.647059,1,0,1
0.1,0.3,0.991429,0.012054,0.328691,0.666667,0.647059,1,0,1
0.1,0.3,1,0.007479,0.295265,0.791667,0.764706,0.762887,0,1
0.1,0.3,0.991429,0.006666,0.295265,0.708333,0.764706,0.762887,0,1
0.1,0.2,0.991429,0.001859,0.295265,0.729167,0.529412,1,1,1
0.1,0.2,1,0.018403,0.43454,0.270833,0.882353,0.762887,1,1
0.1,0.2,0.991429,0.021908,0.685237,0.666667,0.764706,0.762887,1,1
0.1,0.2,1,0.215565,0.704735,0.770833,0.764706,0.762887,0,1
0.1,0.2,0.991429,0.240381,0.715877,0.8125,0.882353,0.762887,0,1
0.1,0.2,0.991429,0.021544,0.718663,0.770833,0.764706,0.762887,0,1
0.1,0.2,0.991429,0.021544,0.718663,0.770833,0.764706,0.762887,0,1
0.1,0.2,0.991429,0.015555,0.727019,0.770833,0.764706,0.762887,0,1
0.1,0.2,0.991429,0.015555,0.727019,0.770833,0.764706,0.762887,0,1
0.1,0.2,0.991429,0.015555,0.727019,0.770833,0.764706,0.762887,0,1
0.1,0.2,1,0.062527,0.729805,0.8125,0.882353,0.762887,0,1
0.1,0.2,1,0.005452,0.729805,0.8125,0.882353,0.762887,0,1
0.1,0.2,1,0.041482,0.727019,0.770833,0.764706,0.762887,0,1
0.1,0.2,1,0.048962,0.679666,0.5625,0.647059,1,0,1
0.1,0.2,0.991429,0.035239,0.710306,0.6875,0.764706,0.762887,0,1
0.1,0.2,1,0.007846,0.420613,0.625,0.764706,0.762887,1,1
0.1,0.2,1,0.009452,0.417827,0.75,0.764706,0.762887,0,1
0.1,0.2,0.991429,0.013836,0.462396,0.770833,0.764706,0.762887,0,1
0.1,0.2,0.991429,0.017719,0.465181,0.770833,0.882353,0.762887,0,1
0.1,0.3,0.991429,0.015246,0.462396,0.770833,0.764706,0.762887,0,1
0.1,0.2,1,0.015873,0.467967,0.75,0.764706,0.762887,0,1
0.1,0.3,1,0.027954,0.448468,0.75,0.764706,0.762887,0,1
0.1,0.2,0.991429,0.015191,0.431755,0.770833,0.764706,0.762887,0,1
0.1,0.2,0.991429,0.015191,0.431755,0.770833,0.764706,0.762887,0,1
0.1,0.2,1,0.025678,0.440111,0.6875,0.764706,0.762887,0,1
0.1,0.3,1,0.239559,0.571031,0.625,0.764706,0.762887,0,1
0.1,0.3,0.991429,0.42346,0.615599,0.75,0.764706,0.762887,0,1
0.1,0.3,0.991429,0.576152,0.562674,0.833333,0.764706,0.762887,0,1
0.1,0.2,0.991429,0.438855,0.551532,0.75,0.764706,1,0,1
0.1,0.2,1,0.295465,0.534819,0.604167,0.764706,1,1,1
0.1,0.2,0.991429,0.240118,0.476323,0.770833,0,0.57732,1,1
0.1,0.2,0.991429,0.155573,0.518106,0.583333,0.647059,1,1,1
0.1,0.2,1,0.07828,0.668524,0.666667,0.647059,1,1,1
0.1,0.1,1,0.001168,0.623955,0.375,0.647059,1,1,1
0.1,0.2,0.991429,0.006002,0.699164,0.520833,0.529412,1,1,1
0.1,0.2,0.991429,0.006002,0.699164,0.520833,0.529412,1,1,1
0.1,0.2,0.991429,0.006002,0.699164,0.520833,0.529412,1,1,1
0.1,0.2,1,0.025861,0.766017,0.895833,0.529412,0.762887,1,1
0.1,0.2,0.991429,0.020717,0.766017,1,0.764706,0.762887,1,1
0.1,0.2,1,0.031723,0.718663,0.770833,0.764706,0.762887,1,1
0.1,0.2,0.991429,0.461623,0.710306,0.75,0.764706,0.762887,1,1
0.1,0.2,0.991429,0.461623,0.710306,0.75,0.764706,0.762887,1,1
0.1,0.2,0.991429,0.173093,0.718663,0.729167,0.882353,0.762887,1,1
0.1,0.2,0.991429,0.088424,0.699164,0.583333,0.882353,0.762887,0,1
0.1,0.2,0.991429,0.037741,0.707521,0.75,0.764706,0.762887,0,1
0.1,0.2,0.991429,0.037741,0.707521,0.75,0.764706,0.762887,0,1
0.1,0.2,0.991429,0.037741,0.707521,0.75,0.764706,0.762887,0,1
0.1,0.1,0.991429,0.006044,0.713092,0.75,0.882353,0.762887,1,1
0.1,0.2,0.991429,0.037741,0.707521,0.75,0.764706,0.762887,0,1
0.1,0.2,1,0.215565,0.704735,0.770833,0.764706,0.762887,0,1
0.1,0.2,0.991429,0.101097,0.693593,0.645833,0.764706,0.762887,1,1
0.1,0.2,0.991429,0.058003,0.275766,0.645833,0.882353,0.762887,0,1
0.1,0.2,1,0.113476,0.337047,0.520833,1,0.762887,0,1
0.1,0.2,0.991429,0.091207,0.236769,0.645833,0.882353,0.762887,0,1
0.1,0.2,1,0.03498,0.220056,0.666667,0.764706,0.762887,0,1
0.1,0.2,0.991429,0.011869,0.203343,0.666667,0.764706,0.762887,0,1
0.1,0.2,1,0.07232,0.317549,0.583333,0.882353,0.762887,0,1
0.1,0.2,0.991429,0.036562,0.208914,0.583333,0.882353,0.762887,0,1
0.1,0.2,0.991429,0.038971,0.317549,0.5625,0.882353,0.762887,0,1
0.1,0.2,0.991429,0.038971,0.317549,0.5625,0.882353,0.762887,0,1
0.1,0.2,0.991429,0.038971,0.317549,0.5625,0.882353,0.762887,0,1
0.1,0.3,1,0.010591,0.314763,0.520833,0.882353,0.762887,0,1
0.1,0.2,1,0.019473,0.183844,0.5625,0.764706,0.762887,0,1
0.1,0.2,0.991429,0.036562,0.208914,0.583333,0.882353,0.762887,0,1
0.1,0.2,1,0.019473,0.183844,0.5625,0.764706,0.762887,0,1
0.1,0.2,1,0.019473,0.183844,0.5625,0.764706,0.762887,0,1
0.1,0.3,1,0.010591,0.314763,0.520833,0.882353,0.762887,0,1
0.1,0.1,0.991429,0.074778,0.356546,0.625,0.764706,0.762887,1,1
0.1,0.1,0.991429,0.074778,0.356546,0.625,0.764706,0.762887,1,1
0.1,0.2,1,0.018694,0.362117,0.666667,0.529412,1,0,1
0.1,0.2,1,0.08205,0.314763,0.645833,0.764706,0.762887,0,1
0.1,0.2,0.991429,0.08141,0.356546,0.729167,0,0.57732,0,1
0.1,0.2,0.991429,0.08141,0.356546,0.729167,0,0.57732,0,1
0.1,0.2,0.991429,0.086117,0.356546,0.729167,0,0.57732,0,1
0.1,0.2,0.991429,0.086117,0.356546,0.729167,0,0.57732,0,1
0.1,0.3,1,0.043299,0.339833,0.729167,0.764706,0.762887,0,1
0.1,0.3,1,0.043299,0.339833,0.729167,0.764706,0.762887,0,1
0.1,0.3,1,0.043299,0.339833,0.729167,0.764706,0.762887,0,1
0.1,0.2,1,0.021826,0.306407,0.708333,0.647059,1,0,1
0.1,0.2,1,0.021826,0.306407,0.708333,0.647059,1,0,1
0.1,0.2,1,0.029121,0.314763,0.729167,0.882353,0.762887,0,1
0.1,0.2,0.991429,0.025809,0.320334,0.708333,0.647059,1,0,1
0.1,0.2,0.991429,0.034741,0.342618,0.770833,0.764706,0.762887,1,1
0.1,0.2,1,0.012686,0.337047,0.770833,0.882353,0.762887,1,1
0.1,0.3,1,0.007757,0.314763,0.75,0.882353,0.762887,0,1
0.1,0.1,0.991429,0.135948,0.331476,0.770833,0.882353,0.762887,1,1
0.1,0.2,1,0.002119,0.295265,0.791667,0.764706,1,0,1
0.1,0.2,0.991429,0.004924,0.289694,0.6875,0.764706,1,0,1
0.1,0.2,0.991429,0.007959,0.286908,0.6875,0.764706,1,0,1
0.1,0.2,1,0.002963,0.289694,0.645833,0.764706,1,0,1
0.1,0.2,1,0.002963,0.289694,0.645833,0.764706,1,0,1
0.1,0.2,1,0.003772,0.289694,0.645833,0.764706,1,0,1
0.1,0.2,1,0.000704,0.309192,0.583333,0.411765,0.525773,0,1
0.1,0.2,0.991429,0.000405,0.325905,0.583333,0.411765,0.525773,0,1
0.1,0.2,0.991429,0.000405,0.325905,0.583333,0.411765,0.525773,0,1
0.1,0.2,1,0.000232,0.261838,0.583333,0.411765,0.525773,0,1
0.1,0.2,1,0.000322,0.24234,0.6875,0.294118,0.525773,0,1
0.1,0.2,1,0.000369,0.239554,0.645833,0.411765,0.525773,0,1
0.1,0.2,1,0.000349,0.233983,0.541667,0.294118,0.525773,0,1
0.1,0.2,0.991429,0.002007,0.281337,0.5,0,0.319588,0,1
0.1,0.2,1,0.000211,0.206128,0.4375,0.411765,0.525773,0,1
0.1,0.2,0,0.003999,0.183844,0.4375,0.529412,0.762887,0,1
0.1,0.3,0.991429,0.00558,0.203343,0.416667,0.529412,0.762887,0,1
0.1,0.3,0.991429,0.00558,0.203343,0.416667,0.529412,0.762887,0,1
0.1,0.3,0,0.000487,0.328691,0.520833,0.411765,0.525773,0,1
0.1,0.2,1,0.000249,0.328691,0.520833,0.411765,0.525773,1,1
0.1,0.3,1,0.001777,0.192201,0.479167,0.647059,0.762887,1,1
0.1,0.3,0.991429,0.005653,0.225627,0.5625,0.647059,0.762887,1,1
0.1,0.3,0.991429,0.003668,0.314763,0.666667,0.647059,0.762887,0,1
0.1,0.2,1,0.014468,0.300836,0.645833,0.647059,0.762887,1,1
0.1,0.2,1,0.014468,0.300836,0.645833,0.647059,0.762887,1,1
0.1,0.2,1,0.014468,0.300836,0.645833,0.647059,0.762887,1,1
0.1,0.1,0.991429,0.127421,0.345404,0.708333,0.647059,0.762887,1,1
0.1,0.2,0.991429,0.003651,0.314763,0.604167,0.882353,1,0,1
0.1,0.2,1,0.000939,0.345404,0.666667,0.764706,1,1,1
0.1,0.2,1,0.000939,0.345404,0.666667,0.764706,1,1,1
0.1,0.2,1,0.000939,0.345404,0.666667,0.764706,1,1,1
0.1,0.2,1,0.001226,0.331476,0.645833,0.764706,1,0,1
0.1,0.2,1,0.009827,0.272981,0.729167,0.647059,0.762887,0,1
0.1,0.2,0.991429,0.001782,0.289694,0.666667,0.764706,1,0,1
0.1,0.2,1,0.001709,0.259053,0.625,0.764706,1,0,1
0.1,0.2,1,0.017097,0.275766,0.604167,0.882353,1,0,1
0.1,0.1,0.991429,0.023614,0.295265,0.645833,0.764706,1,0,1
0.1,0.1,0.991429,0.023614,0.295265,0.645833,0.764706,1,0,1
0.1,0.2,1,0.001955,0.311978,0.6875,0.882353,1,0,1
0.1,0.2,1,0.001369,0.284123,0.708333,0.764706,1,0,1
0.1,0.2,1,0.002074,0.270195,0.6875,0.764706,1,0,1
0.1,0.2,1,0.002074,0.270195,0.6875,0.764706,1,0,1
0.1,0.2,1,0.002074,0.270195,0.6875,0.764706,1,0,1
0.1,0.2,1,0.001379,0.261838,0.729167,0.882353,1,1,1
0.1,0.2,1,0.001356,0.253482,0.708333,0.764706,1,0,1
0.1,0.2,1,0.001356,0.253482,0.708333,0.764706,1,0,1
0.1,0.2,1,0.001356,0.253482,0.708333,0.764706,1,0,1
0.1,0.1,0.991429,0.003033,0.259053,0.6875,0.764706,1,1,1
0.1,0.1,0.991429,0.003033,0.259053,0.6875,0.764706,1,1,1
0.1,0.2,0.991429,0.006701,0.295265,0.666667,0.764706,1,0,1
0.1,0.3,0.991429,0.000806,0.272981,0.6875,0.882353,1,1,1
0.1,0.3,0.991429,0.000924,0.328691,0.6875,0.764706,1,0,1
0.1,0.3,0.991429,0.000973,0.342618,0.666667,0.764706,1,0,1
0.1,0.3,0.991429,0.000973,0.342618,0.666667,0.764706,1,0,1
0.1,0.2,1,0.00084,0.270195,0.5625,0.764706,1,0,1
0.1,0.3,1,0.000876,0.247911,0.5625,0.882353,1,0,1
0.1,0.3,1,0.000876,0.247911,0.5625,0.882353,1,0,1
0.1,0.2,0.991429,0.003534,0.317549,0.625,0.764706,1,0,1
0.1,0.3,1,0.001282,0.350975,0.6875,0.764706,1,0,1
0.1,0.3,1,0.001282,0.350975,0.6875,0.764706,1,0,1
0.1,0.3,0.991429,0.003441,0.337047,0.666667,0.764706,1,0,1
0.1,0.2,0.991429,0.002646,0.342618,0.666667,0.764706,1,0,1
0.1,0.2,0.991429,0.000744,0.359331,0.604167,0.764706,1,0,1
0.1,0.2,0.991429,0.000744,0.359331,0.604167,0.764706,1,0,1
0.1,0.2,0.991429,0.002646,0.342618,0.666667,0.764706,1,0,1
0.1,0.2,1,0.003797,0.45961,0.583333,0.647059,0.762887,0,1
0.1,0.2,1,0.003797,0.45961,0.583333,0.647059,0.762887,0,1
0.1,0.2,0.991429,0.002302,0.451253,0.5625,0.764706,1,0,1
0.1,0.2,0.017143,0.00254,0.359331,0.604167,0.764706,1,0,1
0.1,0.2,0.017143,0.00254,0.359331,0.604167,0.764706,1,0,1
0.1,0.3,0,0.000372,0.359331,0.604167,0.764706,1,0,1
0.1,0.2,0.017143,0.00254,0.359331,0.604167,0.764706,1,0,1
0.1,0.2,0,0.000083,0.325905,0.6875,0.411765,0.938144,0,1
0.1,0.2,0,0.000083,0.325905,0.6875,0.411765,0.938144,0,1
0.1,0.2,0,0.000083,0.325905,0.6875,0.411765,0.938144,0,1
0.1,0.2,0,0.000083,0.325905,0.6875,0.411765,0.938144,0,1
0.1,0.2,0,0.000083,0.325905,0.6875,0.411765,0.938144,0,1
0.1,0.2,0,0.000083,0.325905,0.6875,0.411765,0.938144,0,1
0.1,0.1,0.017143,0.000968,0.339833,0.6875,0.529412,0.948454,1,1
0.1,0.2,0.017143,0.001934,0.345404,0.541667,0.764706,1,0,1
0.1,0.2,0.017143,0.001934,0.345404,0.541667,0.764706,1,0,1
0.1,0.2,0.017143,0.001934,0.345404,0.541667,0.764706,1,0,1
0.1,0.1,0.017143,0.005233,0.320334,0.625,0.764706,1,0,1
0.1,0.2,0.017143,0.003184,0.325905,0.625,0.764706,1,0,1
0.1,0.2,0.017143,0.003184,0.325905,0.625,0.764706,1,0,1
0.1,0.2,0.017143,0.003184,0.325905,0.625,0.764706,1,0,1
0.1,0.3,0,0.000372,0.359331,0.604167,0.764706,1,0,1
0.1,0.2,0,0.02859,0.398329,0.520833,0.529412,0.762887,0,1
0.1,0.2,0.991429,0.001175,0.476323,0.5625,0.764706,1,0,1
0.1,0.2,0.991429,0.034285,0.362117,0.520833,0.647059,0.762887,0,1
0.1,0.2,1,0.000313,0.428969,0.375,0.294118,0.525773,1,1
0.1,0.2,0.991429,0.000618,0.490251,0.3125,0.294118,0.525773,1,1
0.1,0.2,1,0.000207,0.451253,0.333333,0.411765,0.525773,1,1
0.1,0.2,0,0.008136,0.356546,0.3125,0,0.57732,0,1
0.1,0.2,1,0.000113,0.359331,0.125,0.411765,0.525773,0,1
0.1,0.2,0.017143,0.031279,0.743733,0.291667,0.529412,0.762887,1,1
0.1,0.3,0.017143,0.001813,0.643454,0.270833,0.411765,0.525773,0,1
0.1,0.3,0,0.000062,0.649025,0.166667,0.411765,0.525773,0,1
0.1,0.3,0,0.000062,0.649025,0.166667,0.411765,0.525773,0,1
0.1,0.2,0.017143,0.076131,0.724234,0.166667,0,0,1,1
0.1,0.2,0.017143,0.006728,0.799443,0.1875,0,0.082474,1,1
0.1,0.2,0.017143,0.006728,0.799443,0.1875,0,0.082474,1,1
0.1,0.2,0.017143,0.072612,0.94429,0.270833,0,0.57732,1,1
0.1,0.1,0.991429,0.0142,0.947075,0.208333,0.411765,0.525773,0,1
0.1,0.1,0.991429,0.0142,0.947075,0.208333,0.411765,0.525773,0,1
0.1,0.1,0,0.008814,0.033426,0.229167,0,0.57732,0,1
0.1,0.3,1,0.000256,0.038997,0.270833,0.411765,0.525773,1,1
0.1,0.2,0,0.002343,0.047354,0.25,0.411765,0.525773,1,1
0.1,0.2,0,0.002343,0.047354,0.25,0.411765,0.525773,1,1
0.1,0.2,0,0.048787,0.922006,0.291667,0.411765,0.525773,0,1
0.1,0.2,1,0.001304,0.02507,0.1875,0.529412,1,1,1
0.1,0.2,1,0.001304,0.02507,0.1875,0.529412,1,1,1
0.1,0.2,1,0.001304,0.02507,0.1875,0.529412,1,1,1
0.1,0.2,1,0.000786,0.172702,0.229167,0.529412,1,1,1
0.1,0.2,1,0.000786,0.172702,0.229167,0.529412,1,1,1
0.1,0.2,1,0.000786,0.172702,0.229167,0.529412,1,1,1
0.1,0.2,1,0.000786,0.172702,0.229167,0.529412,1,1,1
0.1,0.2,1,0.000834,0.345404,0.395833,0.529412,1,1,1
0.1,0.3,1,0.000651,0.295265,0.3125,0.764706,1,0,1
0.1,0.3,1,0.000651,0.295265,0.3125,0.764706,1,0,1
0.1,0.1,0.991429,0.001277,0.236769,0.291667,0.529412,1,0,1
0.1,0.1,0.991429,0.001277,0.236769,0.291667,0.529412,1,0,1
0.1,0.1,0.991429,0.001277,0.236769,0.291667,0.529412,1,0,1
0.1,0.2,1,0.000657,0.077994,0.375,0.647059,1,0,1
0.1,0.2,1,0.000657,0.077994,0.375,0.647059,1,0,1
0.1,0.2,1,0.000657,0.077994,0.375,0.647059,1,0,1
0.1,0.2,1,0.000716,1,0.3125,0.647059,1,1,1
0.1,0.2,1,0.000716,1,0.3125,0.647059,1,1,1
0.1,0.2,1,0.000716,1,0.3125,0.647059,1,1,1
0.1,0.2,0.991429,0.001125,0.933148,0.3125,0.647059,1,1,1
0.1,0.2,0.991429,0.000232,0.952646,0.291667,0.411765,0.525773,1,1
0.1,0.2,0.991429,0.000231,0.022284,0.416667,0.411765,0.525773,1,1
0.1,0.2,0.991429,0.016552,0.072423,0.375,0.411765,0.525773,0,1
0.1,0.2,1,0.000089,0.02507,0.354167,0.411765,0.525773,0,1
0.1,0.1,0.991429,0.00941,0.027855,0.291667,0.411765,0.525773,0,1
0.1,0.1,0.991429,0.00941,0.027855,0.291667,0.411765,0.525773,0,1
0.1,0.2,1,0.000101,0.955432,0.208333,0.411765,0.525773,1,1
0.1,0.2,0.991429,0.025189,0.955432,0.208333,0.411765,0.525773,0,1
0.1,0.2,0.991429,0.025189,0.955432,0.208333,0.411765,0.525773,0,1
0.1,0.2,0.991429,0.025189,0.955432,0.208333,0.411765,0.525773,0,1
0.1,0.2,1,0.000101,0.955432,0.208333,0.411765,0.525773,1,1
0.1,0.2,1,0.000103,0.086351,0.208333,0.411765,0.525773,1,1
0.1,0.2,0,0.107946,0.119777,0.166667,0.411765,0.525773,1,1
0.1,0.2,0,0.107946,0.119777,0.166667,0.411765,0.525773,1,1
0.1,0.2,0,0.107946,0.119777,0.166667,0.411765,0.525773,1,1
0.1,0.3,0,0.043369,0.155989,0.208333,0.411765,0.525773,1,1
0.1,0.3,0,0.043369,0.155989,0.208333,0.411765,0.525773,1,1
0.1,0.3,0,0.043369,0.155989,0.208333,0.411765,0.525773,1,1
0.1,0.3,0.991429,0.000129,0.167131,0.229167,0.411765,0.525773,1,1
0.1,0.3,0.991429,0.000129,0.167131,0.229167,0.411765,0.525773,1,1
0.1,0.3,0.991429,0.000129,0.167131,0.229167,0.411765,0.525773,1,1
0.1,0.3,0.991429,0.004589,0.253482,0.291667,0.529412,0.762887,0,1
0.1,0.2,1,0.000103,0.086351,0.208333,0.411765,0.525773,1,1
0.1,0.3,0.991429,0.000129,0.167131,0.229167,0.411765,0.525773,1,1
0.1,0.3,0.991429,0.000129,0.167131,0.229167,0.411765,0.525773,1,1
0.1,0.2,1,0.000103,0.086351,0.208333,0.411765,0.525773,1,1
0.1,0.2,1,0.000103,0.086351,0.208333,0.411765,0.525773,1,1
0.1,0.2,1,0.000103,0.086351,0.208333,0.411765,0.525773,1,1
0.1,0.2,1,0.000103,0.086351,0.208333,0.411765,0.525773,1,1
0.1,0.2,1,0.000103,0.086351,0.208333,0.411765,0.525773,1,1
0.1,0.2,1,0.000103,0.086351,0.208333,0.411765,0.525773,1,1
0.1,0.2,0,0.000574,0.175487,0.229167,0.529412,1,0,1
0.1,0.2,0,0.000574,0.175487,0.229167,0.529412,1,0,1
0.1,0.2,0.991429,0.000755,0.991643,0.229167,0.529412,1,1,1
0.1,0.2,0.991429,0.000755,0.991643,0.229167,0.529412,1,1,1
0.1,0.2,1,0.000101,0.955432,0.208333,0.411765,0.525773,1,1
0.1,0.2,0.991429,0.000755,0.991643,0.229167,0.529412,1,1,1
0.1,0.2,0.991429,0.000755,0.991643,0.229167,0.529412,1,1,1
0.1,0.2,0.991429,0.000755,0.991643,0.229167,0.529412,1,1,1
0.1,0.2,0,0.000574,0.175487,0.229167,0.529412,1,0,1
0.1,0.2,0,0.000574,0.175487,0.229167,0.529412,1,0,1
0.1,0.3,0.991429,0.004589,0.253482,0.291667,0.529412,0.762887,0,1
0.1,0.2,1,0.004856,0.29805,0.416667,0.529412,0.762887,0,1
0.1,0.2,0.991429,0.000456,0.306407,0.5625,0.411765,0.525773,0,1
0.1,0.2,0.991429,0.000456,0.306407,0.5625,0.411765,0.525773,0,1
0.1,0.3,0,0.080487,0.311978,0.583333,0.411765,0.525773,0,1
0.1,0.3,0,0.080487,0.311978,0.583333,0.411765,0.525773,0,1
0.1,0.3,0,0.000901,0.300836,0.604167,0.294118,0.525773,0,1
0.1,0.3,0.991429,0.00093,0.267409,0.625,0.764706,1,0,1
0.1,0.2,1,0.000261,0.18663,0.604167,0.294118,0.525773,0,1
0.1,0.2,0,0.012745,0.172702,0.520833,0.411765,0.525773,0,1
0.1,0.2,1,0.000161,0.108635,0.666667,0.411765,0.525773,0,1
0.1,0.2,1,0.000161,0.108635,0.666667,0.411765,0.525773,0,1
0.1,0.2,1,0.000161,0.108635,0.666667,0.411765,0.525773,0,1
0.1,0.2,1,0.000161,0.108635,0.666667,0.411765,0.525773,0,1
0.1,0.2,1,0.000161,0.108635,0.666667,0.411765,0.525773,0,1
0.1,0.2,0.991429,0.000185,0.072423,0.625,0.529412,0.721649,0,1
0.1,0.2,0.991429,0.000694,0.033426,0.708333,0.647059,1,0,1
0.1,0.3,1,0.006591,0.030641,0.708333,0.647059,0.762887,1,1
0.1,0.2,1,0.005938,0.019499,0.75,0.647059,0.762887,1,1
0.1,0.2,1,0.005938,0.019499,0.75,0.647059,0.762887,1,1
0.1,0.2,1,0.005938,0.019499,0.75,0.647059,0.762887,1,1
0.1,0.2,0.991429,0.000359,0.980501,0.604167,0.411765,0.525773,1,1
0.1,0.2,0.991429,0.000359,0.980501,0.604167,0.411765,0.525773,1,1
0.1,0.2,0.991429,0.000359,0.980501,0.604167,0.411765,0.525773,1,1
0.1,0.2,0.991429,0.000359,0.980501,0.604167,0.411765,0.525773,1,1
0.1,0.2,1,0.003036,0.938719,0.75,0.411765,0.525773,1,1
0.1,0.2,0.991429,0.002912,0.908078,0.708333,0.411765,0.525773,1,1
0.1,0.2,0.991429,0.002414,0.880223,0.666667,0.647059,0.762887,1,1
0.1,0.2,0.991429,0.050842,0.888579,0.4375,0.411765,0.525773,1,1
0.1,0.2,1,0.00218,0.880223,0.541667,0.294118,0.525773,1,1
0.1,0.2,0,0.001181,0.930362,0.145833,0,0.103093,1,1
0.1,0.2,0,0.000036,0.807799,0.0625,0,0.082474,1,1
0.1,0.2,0,0.000332,0.905292,0.041667,0,0.103093,1,1
0.1,0.2,0.017143,0.006032,0.64624,0.270833,0,0.103093,1,1
0.1,0.2,0.017143,0.058635,0.64624,0.4375,0,0.57732,1,1
0.1,0.2,0.017143,0.000621,0.660167,0.270833,0,0.103093,1,1
0.1,0.2,0,0.0005,0.637883,0.229167,0,0.103093,1,1
0.1,0.2,0,0.0005,0.637883,0.229167,0,0.103093,1,1
0.1,0.2,0,0.0005,0.637883,0.229167,0,0.103093,1,1
0.1,0.2,0,0.009614,0.727019,0.0625,0,0.57732,1,1
0.1,0.3,0,0.042716,0.194986,0.25,0,0.57732,1,1
0.1,0.2,0.991429,0.000794,0.208914,0.416667,0.764706,1,0,1
0.1,0.2,0.991429,0.000794,0.208914,0.416667,0.764706,1,0,1
0.1,0.2,1,0.000698,0.228412,0.333333,0.764706,1,0,1
0.1,0.2,0.991429,0.005533,0,0,0,0.319588,0,1
0.1,0.2,0.991429,0.002951,0.779944,0.291667,0,0.319588,1,1
0.1,0.2,0.991429,0.002951,0.779944,0.291667,0,0.319588,1,1
0.1,0.2,0.991429,0.03293,0.779944,0.458333,0.529412,0.762887,1,1
0.1,0.2,1,0.013329,0.785515,0.4375,0.647059,0.762887,1,1
0.1,0.2,0.991429,0.010253,0.788301,0.416667,0.529412,0.762887,1,1
0.1,0.2,1,0.007613,0.78273,0.395833,0,0.319588,1,1
0.1,0.2,1,0.007613,0.78273,0.395833,0,0.319588,1,1
0.1,0.2,1,0.007613,0.78273,0.395833,0,0.319588,1,1
0.1,0.2,1,0.007613,0.78273,0.395833,0,0.319588,1,1
0.1,0.2,0.991429,0.008099,0.777159,0.416667,0.647059,0.762887,1,1
0.1,0.2,0.991429,0.002338,0.749304,0.520833,0.764706,1,1,1
0.1,0.2,0.991429,0.002338,0.749304,0.520833,0.764706,1,1,1
0.1,0.2,0.991429,0.036465,0.768802,0.4375,0.529412,0.762887,0,1
0.1,0.2,1,0.007613,0.78273,0.395833,0,0.319588,1,1
0.1,0.2,1,0.010672,0.763231,0.458333,0.647059,0.762887,1,1
0.1,0.2,0.991429,0.014852,0.752089,0.479167,0.647059,0.762887,1,1
0.1,0.2,1,0.007952,0.743733,0.541667,0.647059,0.762887,1,1
0.1,0.2,1,0.17789,0.746518,0.583333,0.647059,0.762887,1,1
0.1,0.2,0.991429,0.001894,0.740947,0.5625,0.764706,1,1,1
0.1,0.2,1,0.010889,0.721448,0.458333,0.764706,1,1,1
0.1,0.2,0.991429,0.006955,0.738162,0.520833,0.647059,0.762887,1,1
0.1,0.3,1,0.041629,0.688022,0.416667,0.647059,0.762887,1,1
0.1,0.2,0.991429,0.038478,0.651811,0.3125,0,0.57732,1,1
0.1,0.1,0.991429,0.029303,0.651811,0.3125,0,0.57732,1,1
0.1,0.1,0.991429,0.003844,0.704735,0.416667,0.529412,0.762887,1,1
0.1,0.2,0,0.002658,0.62117,0.270833,0.411765,0.948454,1,1
0.1,0.2,1,0.000139,0.376045,0.604167,0.411765,0.948454,0,1
0.1,0.2,1,0.000139,0.376045,0.604167,0.411765,0.948454,0,1
0.1,0.2,1,0.000435,0.398329,0.4375,0.411765,0.525773,0,1
0.1,0.2,1,0.000441,0.445682,0.375,0.411765,0.525773,0,1
0.1,0.2,1,0.000511,0.43454,0.4375,0.411765,0.525773,0,1
0.1,0.2,0,0.000515,0.420613,0.5,0.411765,0.525773,0,1
0.1,0.2,1,0.000604,0.420613,0.5,0.411765,0.525773,0,1
0.1,0.2,1,0.000604,0.420613,0.5,0.411765,0.525773,0,1
0.1,0.2,0.991429,0.000618,0.406685,0.604167,0.411765,0.525773,0,1
0.1,0.3,1,0.000492,0.398329,0.604167,0.411765,0.525773,0,1
0.1,0.3,1,0.000492,0.398329,0.604167,0.411765,0.525773,0,1
0.1,0.2,0.991429,0.001599,0.406685,0.625,0.764706,1,0,1
0.1,0.2,0.991429,0.014142,0.392758,0.604167,0,0.57732,0,1
0.1,0.3,1,0.000193,0.406685,0.5,0.411765,0.525773,0,1
0.1,0.3,1,0.000193,0.406685,0.5,0.411765,0.525773,0,1
0.1,0.3,1,0.000241,0.4039,0.541667,0.411765,0.525773,0,1
0.1,0.3,0.991429,0.000276,0.415042,0.541667,0.411765,0.525773,0,1
0.1,0.3,0.991429,0.005572,0.420613,0.5625,0.411765,0.525773,0,1
0.1,0.2,0.991429,0.001275,0.415042,0.541667,0.411765,0.525773,0,1
0.2,0.2,0.991429,0.089505,0.367688,0.645833,0.647059,0.762887,1,1
0.2,0.2,0.991429,0.015785,0.364903,0.625,0.647059,0.762887,0,1
0.2,0.2,1,0.000736,0.367688,0.604167,0.411765,0.525773,0,1
0.2,0.2,0.991429,0.002381,0.381616,0.5625,0.411765,0.525773,0,1
0.2,0.3,0.991429,0.00173,0.384401,0.645833,0.764706,1,0,1
0.2,0.2,0.991429,0.030113,0.384401,0.666667,0.647059,0.762887,0,1
0.2,0.2,1,0.006865,0.387187,0.6875,0.411765,0.525773,0,1
0.2,0.2,1,0.006865,0.387187,0.6875,0.411765,0.525773,0,1
0.2,0.3,1,0.000739,0.389972,0.708333,0.411765,0.525773,0,1
0.2,0.1,1,0.00377,0.35376,0.625,0.764706,1,1,1
0.2,0.3,0.991429,0.04535,0.309192,0.604167,0,0.57732,0,1
0.2,0.3,0.991429,0.051153,0.272981,0.5625,0,0.57732,0,1
0.2,0.2,1,0.038748,0.272981,0.583333,0,0.57732,0,1
0.2,0.2,0.991429,0.031715,0.289694,0.583333,0,0.57732,0,1
0.2,0.1,1,0.024061,0.350975,0.666667,0,0.57732,1,1
0.2,0.2,1,0.001253,0.370474,0.75,0,0.082474,1,1
0.2,0.2,0.991429,0.024195,0.37883,0.75,0,0.57732,1,1
0.2,0.2,0.991429,0.021116,0.381616,0.708333,0,0.319588,1,1
0.2,0.2,0.991429,0.035125,0.392758,0.708333,0,0.57732,1,1
0.2,0.1,0.991429,0.025265,0.392758,0.708333,0,0.57732,1,1
0.1,0.1,0,0.010836,0.395543,0.729167,0,0.319588,1,1
0.1,0.3,0,0.050097,0.384401,0.708333,0,0.57732,0,1
0.1,0.2,0,0.010234,0.398329,0.645833,0,0.319588,0,1
0.1,0.2,0,0.005316,0.428969,0.708333,0.411765,0.525773,0,1
0.1,0.2,0,0.044825,0.451253,0.666667,0,0.57732,1,1
0.1,0.2,0,0.045391,0.445682,0.645833,0,0.57732,1,1
0.1,0.2,0,0.063041,0.440111,0.6875,0,0.57732,0,1
0.1,0.2,0,0.048144,0.45961,0.6875,0,0.57732,1,1
0.1,0.2,0.991429,0.007804,0.462396,0.666667,0,0.082474,0,1
0.1,0.2,0.991429,0.007804,0.462396,0.666667,0,0.082474,0,1
0.1,0.2,0.991429,0.05762,0.428969,0.604167,0,0.57732,0,1
0.1,0.2,0.991429,0.006815,0.348189,0.604167,0,0.319588,0,1
0.1,0.2,0.991429,0.006815,0.348189,0.604167,0,0.319588,0,1
0.1,0.3,1,0.000337,0.306407,0.541667,0.411765,0.525773,0,1
0.1,0.2,1,0.042933,0.264624,0.479167,0,0.57732,0,1
0.1,0.2,0.991429,0.043932,0.275766,0.520833,0,0.57732,0,1
0.1,0.2,1,0.031887,0.348189,0.5,0,0.57732,1,1
0.1,0.1,1,0.024986,0.423398,0.583333,0,0.57732,1,1
0.1,0.1,1,0.024986,0.423398,0.583333,0,0.57732,1,1
0.1,0.2,0.991429,0.044619,0.493036,0.666667,0,0.57732,1,1
0.1,0.2,0.991429,0.132239,0.51532,0.770833,0,0.57732,0,1
0.1,0.2,1,0.001374,0.51532,0.729167,0.176471,0.525773,1,1
0.1,0.2,1,0.001374,0.51532,0.729167,0.176471,0.525773,1,1
0.1,0.2,1,0.001374,0.51532,0.729167,0.176471,0.525773,1,1
0.1,0.2,1,0.001374,0.51532,0.729167,0.176471,0.525773,1,1
0.1,0.2,0.991429,0.007323,0.70195,0.416667,0.176471,0.525773,1,1
0.1,0.2,1,0.002385,0.835655,0.604167,0.529412,1,1,1
0.1,0.2,0.991429,0.048153,0.629526,0.395833,0.294118,0.525773,1,1
0.1,0.2,0.991429,0.048153,0.629526,0.395833,0.294118,0.525773,1,1
0.1,0.2,0.991429,0.048153,0.629526,0.395833,0.294118,0.525773,1,1
0.1,0.2,0.991429,0.048153,0.629526,0.395833,0.294118,0.525773,1,1
0.1,0.2,1,0.00557,0.774373,0.645833,0.411765,0.525773,1,1
0.1,0.2,1,0.00557,0.774373,0.645833,0.411765,0.525773,1,1
0.1,0.2,1,0.00557,0.774373,0.645833,0.411765,0.525773,1,1
0.1,0.2,0.991429,0.021227,0.699164,0.5,0,0.57732,0,1
0.1,0.2,0.991429,0.004442,0.779944,0.645833,0.411765,0.525773,1,1
0.1,0.2,0.991429,0.001062,0.810585,0.75,0.647059,1,1,1
0.1,0.2,0.991429,0.001062,0.810585,0.75,0.647059,1,1,1
0.1,0.2,0.991429,0.001062,0.810585,0.75,0.647059,1,1,1
0.1,0.2,0.991429,0.007079,0.83844,0.75,0.647059,0.762887,1,1
0.1,0.2,1,0.001151,0.896936,0.8125,0.411765,0.525773,0,1
0.1,0.2,1,0.001151,0.896936,0.8125,0.411765,0.525773,0,1
0.1,0.3,0.991429,0.000397,0.902507,0.895833,0.411765,0.525773,1,1
0.1,0.3,0.991429,0.000397,0.902507,0.895833,0.411765,0.525773,1,1
0.1,0.3,0.991429,0.001028,0.908078,0.9375,0.411765,0.525773,1,1
0.1,0.2,1,0.001143,0.891365,0.9375,0.411765,0.525773,1,1
0.1,0.2,1,0.000741,0.874652,0.833333,0.411765,0.525773,1,1
0.1,0.2,0.991429,0.003455,0.916435,0.791667,0,0.319588,1,1
0.1,0.2,0.991429,0.00327,0.910864,0.645833,0,0.319588,1,1
0.1,0.2,1,0.002983,0.930362,0.666667,0,0.319588,1,1
0.1,0.2,1,0.002038,0.938719,0.625,0,0.319588,0,1
0.1,0.1,1,0.000877,0.91922,0.5625,0.764706,1,0,1
0.1,0.2,0.991429,0.000954,0.880223,0.5625,0.764706,1,1,1
0.1,0.2,0.991429,0.005286,0.793872,0.666667,0.647059,0.762887,1,1
0.1,0.2,0.991429,0.005906,0.78273,0.604167,0.647059,0.762887,1,1
0.1,0.2,0.991429,0.005906,0.78273,0.604167,0.647059,0.762887,1,1
0.1,0.2,1,0.002042,0.785515,0.604167,0.764706,1,1,1
0.1,0.2,0.991429,0.00381,0.796657,0.5625,0.647059,0.762887,1,1
0.1,0.2,0.991429,0.00381,0.796657,0.5625,0.647059,0.762887,1,1
0.1,0.2,1,0.002816,0.807799,0.5625,0.764706,1,1,1
0.1,0.2,0.991429,0.000983,0.818942,0.520833,0.764706,1,1,1
0.1,0.2,0.991429,0.001705,0.824513,0.458333,0.882353,1,1,1
0.1,0.2,0.991429,0.001705,0.824513,0.458333,0.882353,1,1,1
0.1,0.2,0.991429,0.000983,0.818942,0.520833,0.764706,1,1,1
0.1,0.2,0.991429,0.002611,0.810585,0.520833,0.764706,1,1,1
0.1,0.2,1,0.013853,0.793872,0.604167,0.764706,1,1,1
0.1,0.2,0.991429,0.002212,0.830084,0.458333,0.882353,1,1,1
0.1,0.2,1,0.001117,0.818942,0.479167,0.764706,1,1,1
0.1,0.2,1,0.001117,0.818942,0.479167,0.764706,1,1,1
0.1,0.2,1,0.001991,0.827298,0.4375,0.764706,1,1,1
0.1,0.1,0.991429,0.000835,0.816156,0.5,0.882353,1,0,1
0.1,0.2,0.991429,0.001019,0.81337,0.520833,0.764706,1,1,1
0.1,0.2,0.991429,0.001019,0.81337,0.520833,0.764706,1,1,1
0.1,0.2,0.991429,0.001019,0.81337,0.520833,0.764706,1,1,1
0.1,0.2,1,0.001421,0.802228,0.5625,0.764706,1,1,1
0.1,0.2,1,0.001285,0.857939,0.4375,0.764706,1,1,1
0.1,0.2,1,0.005785,0.011142,0.479167,0.529412,0.762887,0,1
0.1,0.2,1,0.005785,0.011142,0.479167,0.529412,0.762887,0,1
0.1,0.2,1,0.005785,0.011142,0.479167,0.529412,0.762887,0,1
0.1,0.2,0.991429,0.000791,0.972145,0.395833,0.411765,0.525773,0,1
0.1,0.2,0.991429,0.000791,0.972145,0.395833,0.411765,0.525773,0,1
0.1,0.2,0.991429,0.000791,0.972145,0.395833,0.411765,0.525773,0,1
0.1,0.2,0.991429,0.000791,0.972145,0.395833,0.411765,0.525773,0,1
0.1,0.2,0.991429,0.000409,0.799443,0.4375,0.411765,0.525773,1,1
0.1,0.2,1,0.000555,0.779944,0.5625,0.411765,0.525773,1,1
0.1,0.2,0.991429,0.002615,0.752089,0.583333,0.411765,0.525773,1,1
0.1,0.2,0.991429,0.008603,1,0.479167,0.529412,0.762887,1,1
0.1,0.2,1,0.000555,0.779944,0.5625,0.411765,0.525773,1,1
0.1,0.2,1,0.000555,0.779944,0.5625,0.411765,0.525773,1,1
0.1,0.2,1,0.000555,0.779944,0.5625,0.411765,0.525773,1,1
0.1,0.3,0.991429,0.025312,0.980501,0.416667,0.647059,0.762887,1,1
0.1,0.3,0.991429,0.025312,0.980501,0.416667,0.647059,0.762887,1,1
0.1,0.3,0.991429,0.025312,0.980501,0.416667,0.647059,0.762887,1,1
0.1,0.3,0.991429,0.025312,0.980501,0.416667,0.647059,0.762887,1,1
0.1,0.3,0.991429,0.025312,0.980501,0.416667,0.647059,0.762887,1,1
0.1,0.3,0.991429,0.025312,0.980501,0.416667,0.647059,0.762887,1,1
0.1,0.3,0.991429,0.025312,0.980501,0.416667,0.647059,0.762887,1,1
0.1,0.3,0.991429,0.025312,0.980501,0.416667,0.647059,0.762887,1,1
0.1,0.2,1,0.007179,0.877437,0.375,0.647059,0.762887,1,1
0.1,0.2,0.991429,0.008603,1,0.479167,0.529412,0.762887,1,1
0.1,0.2,1,0.00737,0.986072,0.4375,0.647059,0.762887,1,1
0.1,0.2,0.991429,0.008603,1,0.479167,0.529412,0.762887,1,1
0.1,0.2,0.991429,0.008603,1,0.479167,0.529412,0.762887,1,1
0.1,0.2,1,0.00737,0.986072,0.4375,0.647059,0.762887,1,1
0.1,0.3,0.991429,0.005981,0.983287,0.4375,0.529412,0.762887,1,1
0.1,0.2,1,0.017522,0.852368,0.354167,0,0.57732,1,1
0.1,0.1,1,0.006794,0.710306,0.770833,0.529412,0.762887,1,1
0.1,0.1,1,0.006254,0.849582,0.395833,0.647059,0.762887,0,1
0.1,0.2,1,0.003367,0.041783,0.604167,0.764706,1,0,1
0.1,0.2,1,0.002298,0.050139,0.75,0.764706,1,0,1
0.1,0.2,0,0.00023,0.111421,0.645833,0.411765,0.525773,0,1
0.1,0.2,0.991429,0.001013,0.044568,0.583333,0.764706,1,0,1
0.1,0.2,1,0.001483,0.041783,0.583333,0.764706,1,1,1
0.1,0.2,0.991429,0.004685,0.027855,0.625,0.647059,0.762887,0,1
0.1,0.2,1,0.001573,0.019499,0.625,0.764706,1,0,1
0.1,0.2,0.991429,0.000891,0.005571,0.645833,0.764706,1,0,1
0.1,0.2,0.991429,0.000882,0.027855,0.583333,0.764706,1,1,1
0.2,0.2,0.991429,0.000882,0.027855,0.583333,0.764706,1,1,1
0.2,0.2,1,0.005225,0.972145,0.354167,0.647059,0.762887,0,1
0.2,0.1,1,0.006956,0.866295,0.4375,0.647059,0.762887,0,1
0.2,0.1,1,0.008986,0.977716,0.458333,0.647059,0.762887,0,1
0.2,0.1,1,0.007316,0.027855,0.583333,0.764706,1,0,1
0.2,0.2,0.991429,0.001193,0.044568,0.666667,0.764706,1,0,1
0.2,0.2,0.991429,0.001193,0.044568,0.666667,0.764706,1,0,1
0.2,0.2,0.991429,0.001193,0.044568,0.666667,0.764706,1,0,1
0.2,0.2,0.991429,0.00095,0.069638,0.6875,0.882353,1,0,1
0.2,0.2,0.991429,0.001007,0.069638,0.708333,0.764706,1,0,1
0.2,0.2,1,0.001015,0.058496,0.6875,0.764706,1,0,1
0.2,0.2,0,0.001037,0.058496,0.645833,0.764706,1,0,1
0.2,0.2,0.991429,0.000898,0.069638,0.625,0.764706,1,0,1
0.2,0.2,0.991429,0.000898,0.069638,0.625,0.764706,1,0,1
0.2,0.2,0.991429,0.000889,0.069638,0.625,0.764706,1,1,1
0.2,0.2,0.991429,0.000889,0.069638,0.625,0.764706,1,1,1
0.2,0.2,0.991429,0.000877,0.075209,0.645833,0.764706,1,0,1
0.2,0.2,0.991429,0.000877,0.075209,0.645833,0.764706,1,0,1
0.2,0.2,1,0.000872,0.061281,0.645833,0.764706,1,1,1
0.2,0.2,0,0.006653,0.047354,0.645833,0.647059,0.762887,0,1
0.1,0.1,1,0.000152,0.980501,0.520833,0.411765,0.525773,0,1
0.1,0.1,0.991429,0.000477,0.75766,0.5,0.529412,0.762887,1,1
0.1,0.2,1,0.003801,0.75766,0.5,0.529412,0.762887,1,1
0.1,0.1,0.991429,0.00109,0.710306,0.75,0.764706,1,1,1
0.1,0.1,0,0.005572,0.699164,0.729167,0.529412,0.762887,1,1
0.1,0.1,0.991429,0.000557,0.67688,0.604167,0.764706,1,1,1
0.1,0.1,0.991429,0.000557,0.67688,0.604167,0.764706,1,1,1
0.1,0.2,1,0.000457,0.637883,0.604167,0.411765,0.525773,1,1
0.1,0.1,1,0.00515,0.62117,0.645833,0,0.319588,1,1
0.1,0.2,1,0.017154,0.590529,0.708333,0,0.57732,1,1
0.1,0.1,0.991429,0.011305,0.590529,0.6875,0,0.57732,1,1
0.1,0.2,0.991429,0.00341,0.880223,0.791667,0.647059,0.762887,1,1
0.1,0.2,0.991429,0.00341,0.880223,0.791667,0.647059,0.762887,1,1
0.1,0.2,1,0.008116,0.849582,0.666667,0.647059,0.762887,1,1
0.1,0.2,0.991429,0.002973,0.877437,0.8125,0,0.319588,1,1
0.1,0.2,1,0.005232,0.869081,0.791667,0.764706,0.762887,0,1
0.1,0.2,1,0.007419,0.857939,0.75,0.764706,0.762887,1,1
0.1,0.2,0.991429,0.007641,0.724234,0.645833,0.882353,0.762887,1,1
0.1,0.1,0.991429,0.007242,0.699164,0.666667,0.882353,0.762887,1,1
0.1,0.2,1,0.021605,0.713092,0.625,0.882353,0.762887,1,1
0.1,0.2,0.991429,0.007443,0.857939,0.354167,0.647059,0.762887,1,1
0.1,0.2,1,0.008239,0.983287,0.520833,0.647059,0.762887,0,1
0.1,0.1,1,0.000396,0.016713,0.708333,0.411765,0.525773,0,1
0.1,0.2,0.991429,0.000257,0.002786,0.645833,0.411765,0.525773,0,1
0.1,0.2,0.991429,0.000257,0.002786,0.645833,0.411765,0.525773,0,1
0.1,0.1,0.991429,0.001568,0.844011,0.458333,0.764706,1,0,1
0.1,0.2,1,0.006786,0.754875,0.625,0.764706,0.762887,0,1
0.1,0.2,0.991429,0.013573,0.768802,0.604167,0.882353,0.762887,0,1
0.1,0.2,1,0.013963,0.771588,0.625,0.647059,0.762887,0,1
0.1,0.2,1,0.018667,0.768802,0.604167,0.529412,0.762887,0,1
0.1,0.1,0.991429,0.001029,0.766017,0.583333,0.764706,1,0,1
0.1,0.1,0.991429,0.001029,0.766017,0.583333,0.764706,1,0,1
0.1,0.3,1,0.008045,0.75766,0.583333,0.411765,0.525773,1,1
0.1,0.2,1,0.020814,0.766017,0.583333,0.882353,0.762887,0,1
0.1,0.2,0.991429,0.004125,0.740947,0.5625,0.764706,0.762887,1,1
0.1,0.2,1,0.009193,0.740947,0.604167,0.882353,0.762887,1,1
0.1,0.1,0.991429,0.007235,0.70195,0.5625,0.529412,0.762887,0,1
0.1,0.2,0.991429,0.014153,0.688022,0.604167,0.764706,0.762887,1,1
0.1,0.2,0.991429,0.010066,0.699164,0.729167,0.764706,0.762887,1,1
0.1,0.1,0.991429,0.00869,0.671309,0.770833,0.764706,0.762887,1,1
0.1,0.1,0.991429,0.00869,0.671309,0.770833,0.764706,0.762887,1,1
0.1,0.2,1,0.006941,0.799443,0.479167,0.764706,0.762887,1,1
0.1,0.2,0.991429,0.00725,0.933148,0.625,0.764706,0.762887,0,1
0.1,0.2,0.991429,0.00679,0.930362,0.645833,0.764706,0.762887,0,1
0.1,0.2,0.991429,0.00679,0.930362,0.645833,0.764706,0.762887,0,1
0.1,0.2,0.991429,0.006497,0.916435,0.645833,0.882353,0.762887,0,1
0.1,0.1,0.991429,0.002804,0.810585,0.6875,0.764706,0.762887,0,1
0.1,0.2,1,0.001522,0.818942,0.666667,0.411765,0.525773,1,1
0.1,0.2,1,0.02305,0.047354,0.625,0.764706,0.762887,0,1
0.1,0.1,1,0.039441,0.058496,0.625,0.882353,0.762887,0,1
0.1,0.1,0.991429,0.051759,0.058496,0.625,0.882353,0.762887,0,1
0.1,0.2,0.991429,0.013344,0.052925,0.583333,0.882353,1,0,1
0.1,0.1,1,0.001332,0.930362,0.395833,0.882353,1,0,1
0.1,0.1,0.991429,0.001715,0.927577,0.395833,0.882353,1,0,1
0.1,0.2,0.991429,0.004942,0.821727,0.5,0.764706,0.762887,1,1
0.1,0.1,0.991429,0.006487,0.791086,0.5625,0.647059,0.762887,0,1
0.1,0.1,1,0.006938,0.771588,0.5625,0.764706,0.762887,0,1
